year,exact_year,quarter,dept,dept_code,number,code,section,title,type,instructor,A,B,C,D,F,P,NP,W,avg_gpa
2021-22,2021,Summer,Academic English,AC ENG,20C,20010,A,ACADEMIC WRITING,LEC,"KHALIL, S.",0,0,0,0,0,22,2,0,
2021-22,2021,Summer,Academic English,AC ENG,20C,20015,B,ACADEMIC WRITING,LEC,"SPENCER, P.",0,0,0,0,0,22,2,0,
2021-22,2021,Summer,Academic English,AC ENG,20C,20020,C,ACADEMIC WRITING,LEC,"OH, H.",0,0,0,0,0,19,2,0,
2021-22,2021,Summer,Academic English,AC ENG,20C,20025,D,ACADEMIC WRITING,LEC,"LEVIN, K.",0,0,0,0,0,21,4,0,
2021-22,2021,Summer,Academic English,AC ENG,22A,20060,A,READING&VOCABULARY,LEC,"LIN, J.",16,1,1,0,1,8,1,0,3.58
2021-22,2021,Summer,Academic English,AC ENG,22A,20075,D,READING&VOCABULARY,LEC,"KARKAFI, L.",16,1,0,0,4,6,0,0,3.13
2021-22,2021,Summer,Academic English,AC ENG,22B,20090,A,ESL-READING & VOCAB,LEC,"MURANOVA, O.",0,0,0,0,0,23,3,0,
2021-22,2021,Summer,Academic English,AC ENG,139W,20120,A,ADV ACADMIC WRITING,SEM,"KIM, J.",18,1,0,0,2,1,1,0,3.57
2021-22,2021,Summer,African American Studies,AFAM,40A,20210,A,AFRICAN AMERICAN I,LEC,"CARTER, L.",28,4,2,0,2,4,0,0,3.56
2021-22,2021,Summer,African American Studies,AFAM,40B,20220,A,AFRICAN AMERICAN II,LEC,"MCDOUGALL, T.",14,3,1,0,0,2,0,0,3.67
2021-22,2021,Summer,Anthropology,ANTHRO,2A,60010,A,INTR SOCIOCULT ANTH,LEC,"COX, K.",69,8,2,2,4,3,1,0,3.58
2021-22,2021,Summer,Anthropology,ANTHRO,2A,60020,B,INTR SOCIOCULT ANTH,LEC,"PALMER, J.",42,17,7,2,6,3,1,0,3.16
2021-22,2021,Summer,Anthropology,ANTHRO,2B,60030,A,INTRO TO BIO ANTHRO,LEC,"EGAN, J.",6,7,2,1,3,1,1,0,2.62
2021-22,2021,Summer,Anthropology,ANTHRO,2D,60040,A,LANGUAGE & CULTURE,LEC,"MIDDLETON, C.",4,5,1,0,3,0,0,0,2.47
2021-22,2021,Summer,Anthropology,ANTHRO,10A,60050,A,PROBABILITY & STATS,LEC,"HUFFMAN, M.",9,3,6,0,1,2,0,0,2.94
2021-22,2021,Summer,Anthropology,ANTHRO,25A,60070,A,ENVIRON INJUSTICE,LEC,"FORTUN, K.",34,1,2,0,0,3,1,0,3.87
2021-22,2021,Summer,Anthropology,ANTHRO,30A,60080,A,GLOB ISS ANTH PERSP,LEC,"KOHLER, G.",19,1,1,0,2,1,0,0,3.51
2021-22,2021,Summer,Anthropology,ANTHRO,41A,60090,A,GLOBAL CULTURES&SOC,LEC,"DARIAN-SMITH, E.",38,2,0,0,1,2,0,0,3.83
2021-22,2021,Summer,Anthropology,ANTHRO,41A,60100,B,GLOBAL CULTURES&SOC,LEC,"DARIAN-SMITH, E.",17,0,0,1,0,0,1,0,3.83
2021-22,2021,Summer,Anthropology,ANTHRO,121AW,60110,A,KINSHP & SOCIAL ORG,LEC,"O'ROURKE, S.",22,4,0,0,0,1,1,0,3.79
2021-22,2021,Summer,Anthropology,ANTHRO,128B,60140,A,RACE GENDER&SCIENCE,LEC,"WILKINSON, A.",15,6,2,1,1,0,0,0,3.3
2021-22,2021,Summer,Anthropology,ANTHRO,134A,60150,A,MEDICAL ANTHRO,LEC,"HAMDY, S.",27,22,5,0,0,3,0,0,3.35
2021-22,2021,Summer,Anthropology,ANTHRO,136K,60160,A,WOMAN & THE BODY,LEC,"WENGER, S.",17,4,1,0,0,0,0,0,3.71
2021-22,2021,Summer,Anthropology,ANTHRO,162A,60170,A,LAT AM:PEOPLE&CULTR,LEC,"RICHART, R.",6,4,0,0,0,0,1,0,3.51
2021-22,2021,Summer,Art,ART,9C,1010,A,THEMATIC INVESTIGTN,LEC,"LEWIS, J.",66,13,3,0,0,27,1,0,3.72
2021-22,2021,Summer,Art,ART,12A,1015,A,ELECTRONIC CULTURE,LEC,"DONAHEY, K.",37,3,1,0,0,3,0,0,3.88
2021-22,2021,Summer,Art,ART,20A,1020,A,BASIC DRAWING I,STU,"KARNIG, M.",16,0,0,0,1,2,0,0,3.77
2021-22,2021,Summer,Art,ART,20A,1025,B,BASIC DRAWING I,STU,"KARNIG, M.",9,1,0,0,0,2,0,0,3.87
2021-22,2021,Summer,Art,ART,30A,1030,A,BASIC PAINTING I,STU,"WELTON, A.",13,2,0,0,1,2,0,0,3.64
2021-22,2021,Summer,Art,ART,50B,1040,A,INTERACT & EXPERNCE,LAB,"JACKSON, J.",14,4,0,0,1,2,0,0,3.56
2021-22,2021,Summer,Art,ART,65A,1045,A,FDNS MEDIA DESIGN,LEC,"JAVID, M.",35,4,0,0,0,2,2,0,3.88
2021-22,2021,Summer,Art,ART,71A,1050,A,INTRO TO PHOTO I,STU,CUPPET-MICHELSEN.,10,0,0,0,0,4,0,0,4.0
2021-22,2021,Summer,Art,ART,81A,1055,A,DIGIFILM PROD I,STU,"JACKSON, J.",13,1,0,0,0,1,1,0,3.95
2021-22,2021,Summer,Art,ART,95,1060,A,MOTION GRAPHICS,STU,"JAVID, M.",23,5,2,0,1,1,1,0,3.55
2021-22,2021,Summer,Art,ART,100,1100,A,PHOTOSHOP,STU,"VEGA, J.",22,0,0,0,1,1,1,0,3.8
2021-22,2021,Summer,Art,ART,100,1105,B,DIGITAL PHOTOGRAPHY,STU,"VEGA, J.",19,0,0,0,0,2,1,0,4.0
2021-22,2021,Summer,Art,ART,100,1110,C,PHOTOSHOP,STU,"VEGA, J.",24,2,0,0,0,1,0,0,3.91
2021-22,2021,Summer,Art,ART,100,1115,D,DIGITAL PHOTOGRAPHY,STU,"VEGA, J.",18,1,0,1,2,0,0,0,3.44
2021-22,2021,Summer,Art,ART,101W,1120,A,ARTISTS AS WRITERS,STU,"PHILLIPS, C.",24,0,0,0,0,1,0,0,4.0
2021-22,2021,Summer,Art,ART,128,1125,A,ISSUES IN NEW GENRE,SEM,"PARSONS, D.",16,0,0,0,0,0,0,0,4.0
2021-22,2021,Summer,Art History,ART HIS,40C,21020,A,MODERN ART EUR&AMER,LEC,"FUGFUGOSH-MUNOZ, S.",25,1,0,0,0,2,0,0,3.87
2021-22,2021,Summer,Art History,ART HIS,55,21030,A,DISNEYLAND,LEC,"BETANCOURT, R.",83,5,0,0,1,8,0,0,3.82
2021-22,2021,Summer,Asian American Studies,ASIANAM,51,21510,A,THE U.S. & ASIA,LEC,"HAYS, T.",28,1,0,0,0,2,0,0,3.93
2021-22,2021,Summer,Asian American Studies,ASIANAM,52,21520,A,ASAM COMMUNITIES,LEC,"LI, Q.",14,2,0,0,0,0,0,0,3.86
2021-22,2021,Summer,Asian American Studies,ASIANAM,54,21530,A,ASAM STORIES,LEC,"LEE, J.",47,2,0,0,0,2,0,0,3.95
2021-22,2021,Summer,Asian American Studies,ASIANAM,55,21540,A,ASAM & THE MEDIA,LEC,"CHO, J.",47,1,0,0,0,2,0,0,3.95
2021-22,2021,Summer,Asian American Studies,ASIANAM,114,21550,A,ASIANAM FILM&VIDEO,LEC,"SHROFF, B.",10,0,0,0,0,0,0,0,3.97
2021-22,2021,Summer,Asian American Studies,ASIANAM,132,21560,A,COMP MINORITY POLIT,LEC,"CHAN, N.",5,1,1,1,2,0,0,0,2.51
2021-22,2021,Summer,Biological Sciences,BIO SCI,9A,5010,A,NUTRITION SCIENCE,LEC,"DAVIES, S.",16,11,1,0,0,5,3,0,3.54
2021-22,2021,Summer,Biological Sciences,BIO SCI,9B,5020,A,BIO&CHEM OF COOKING,LEC,"TAAGEPERA, S.",38,4,2,1,0,3,0,0,3.7
2021-22,0,Summer,0,0,0,5030,A,EVO PSYCHOLOGY,LEC,"HUGHES, B.",17,3,0,0,0,1,0,0,3.82
2021-22,0,Summer,0,0,0,5040,A,BRAIN AND BEHAVIOR,LEC,"LALLAI, V.",25,4,3,0,0,0,0,0,3.69
2021-22,0,Summer,0,0,0,5050,A,DRUGS AND THE BRAIN,LEC,"NICHOLAS, A.",27,11,5,0,1,6,2,0,3.45
2021-22,0,Summer,0,0,0,5060,A,BRAIN DYSFUNCTION,LEC,"MILINKEVICIUTE, G.",15,2,0,0,0,0,0,0,3.79
2021-22,0,Summer,0,0,0,5070,A,"MIND,MEMORY & BRAIN",LEC,"GUZOWSKI, J.",9,5,5,1,0,2,0,0,3.04
2021-22,0,Summer,0,0,0,5080,A,STRESS,LEC,"NICHOLAS, A.",34,7,3,0,0,4,0,0,3.71
2021-22,0,Summer,0,0,0,5090,A,DNA TO ORGANISMS,LEC,"LEE, J.",101,26,2,2,0,3,2,0,3.7
2021-22,0,Summer,0,0,0,5100,A,ORGANISMS TO ECOSYS,LEC,"MORALES CRUZ, A.",74,7,0,0,0,0,0,0,3.92
2021-22,0,Summer,0,0,0,5110,A,GENETICS,LEC,"BARDWELL, L.",131,4,0,0,1,0,0,0,3.91
2021-22,0,Summer,0,0,0,5120,B,GENETICS,LEC,"BARDWELL, L.",137,5,2,0,0,1,0,0,3.9
2021-22,0,Summer,0,0,0,5130,A,BIOCHEMISTRY,LEC,"SEWARD VARELA, J.",88,29,19,0,0,2,0,0,3.48
2021-22,0,Summer,0,0,0,5140,B,BIOCHEMISTRY,LEC,"SEWARD VARELA, J.",116,49,20,1,5,1,0,0,3.37
2021-22,0,Summer,0,0,0,5150,A,MOLECULAR BIOLOGY,LEC,"SEWARD VARELA, J.",167,76,7,1,1,0,0,0,3.59
2021-22,0,Summer,0,0,0,5160,B,MOLECULAR BIOLOGY,LEC,"WILLIAMS, A.",12,16,10,0,2,2,0,0,2.95
2021-22,0,Summer,0,0,0,5170,C,MOLECULAR BIOLOGY,LEC,"MAHAVONGTRAKUL, M.",67,10,11,0,1,0,1,0,3.54
2021-22,0,Summer,0,0,0,5180,A,SCIENTIFIC WRITING,LEC,"CAMERINI, D.",190,35,4,1,0,4,0,0,3.79
2021-22,0,Summer,0,0,0,5190,A,CELL BIOLOGY,LEC,"WANG, W.",50,48,16,2,0,0,0,0,3.27
2021-22,0,Summer,0,0,0,5200,A,DEVELOPMNTL BIOLOGY,LEC,"CHO, K.",22,12,13,1,0,1,0,0,3.12
2021-22,0,Summer,0,0,0,5241,A1,DEV & CELL BIO LAB,LAB,"NGUYEN, T.",15,2,1,0,2,0,0,0,3.39
2021-22,0,Summer,0,0,0,5242,A2,DEV & CELL BIO LAB,LAB,"NGUYEN, T.",18,0,1,0,1,0,0,0,3.66
2021-22,0,Summer,0,0,0,5380,A,BIO INTEGRATIVE MED,LEC,"LIN, S.",30,2,1,0,0,0,0,0,3.83
2021-22,0,Summer,0,0,0,5410,A,HUMAN ANATOMY,LEC,"MIRBOLOOKI, M.",33,8,5,4,0,0,0,0,3.36
2021-22,0,Summer,0,0,0,5210,A,ECOLOGY & EVOLUTION,LEC,"MUELLER, L.",13,6,10,0,0,0,0,0,3.05
2021-22,0,Summer,0,0,0,5220,A,HUMAN PHYSIOLOGY,LEC,"MCHENRY, M.",26,37,14,3,1,2,2,0,3.06
2021-22,0,Summer,0,0,0,5251,A1,PHYSIOLOGY LAB,LAB,"AGUILAR-ROCA, N.",20,0,0,0,0,0,0,0,3.9
2021-22,0,Summer,0,0,0,5252,A2,PHYSIOLOGY LAB,LAB,"AGUILAR-ROCA, N.",13,5,0,0,0,0,0,0,3.69
2021-22,0,Summer,0,0,0,5390,A,IMAGE ANALYSIS,LAB,"LOUDON, C.",28,1,0,0,0,0,0,0,3.96
2021-22,0,Summer,0,0,0,5400,B,IMAGE ANALYSIS,LAB,"LOUDON, C.",28,1,1,0,0,0,1,0,3.86
2021-22,0,Summer,0,0,0,5420,A,HUMAN NUTRITION,LEC,"GERMAN, D.",52,19,1,0,0,0,0,0,3.72
2021-22,0,Summer,0,0,0,5440,A,FIELD BIOLOGY,LAB,"MOONEY, K.",17,9,0,3,1,0,0,0,3.26
2021-22,0,Summer,0,0,0,5450,A,LIMNOLOGY&FRESHWATR,LEC,"BOWLER, P.",12,17,3,0,2,0,0,0,3.03
2021-22,0,Summer,0,0,0,5460,A,FIELD FRESHWTR ECOL,LAB,"BOWLER, P.",46,6,3,0,1,1,0,0,3.7
2021-22,0,Summer,0,0,0,5260,A,MOLECULAR BIO LAB,LAB,"ALBAY, R.",7,9,0,0,0,0,0,0,3.46
2021-22,0,Summer,0,0,0,5270,B,MOLECULAR BIO LAB,LAB,"ALBAY, R.",8,4,3,0,0,0,0,0,3.27
2021-22,0,Summer,0,0,0,5280,C,MOLECULAR BIO LAB,LAB,"OVERSTREET, C.",5,2,2,1,2,0,0,0,2.56
2021-22,0,Summer,0,0,0,5290,D,MOLECULAR BIO LAB,LAB,"OVERSTREET, C.",0,1,5,0,4,0,2,0,1.33
2021-22,0,Summer,0,0,0,5300,A,EXP MICROBIO LAB,LAB,"MORRISSETTE, N.",11,6,0,0,0,0,0,0,3.63
2021-22,0,Summer,0,0,0,5310,B,EXP MICROBIO LAB,LAB,"MORRISSETTE, N.",13,8,0,0,0,0,0,0,3.56
2021-22,0,Summer,0,0,0,5320,C,EXP MICROBIO LAB,LAB,"OVERSTREET, C.",3,4,5,1,5,0,1,0,2.03
2021-22,0,Summer,0,0,0,5330,D,EXP MICROBIO LAB,LAB,"OVERSTREET, C.",5,5,1,2,2,0,0,0,2.58
2021-22,0,Summer,0,0,0,5340,E,EXP MICROBIO LAB,LAB,"BRU, J.",14,4,1,0,0,0,0,0,3.59
2021-22,0,Summer,0,0,0,5350,F,EXP MICROBIO LAB,LAB,"BRU, J.",20,0,0,0,0,0,0,0,3.97
2021-22,0,Summer,0,0,0,5352,G,EXP MICROBIO LAB,LAB,"JHA, N.",20,1,1,0,0,0,0,0,3.78
2021-22,0,Summer,0,0,0,5354,H,EXP MICROBIO LAB,LAB,"JHA, N.",16,3,0,0,1,0,0,0,3.5
2021-22,0,Summer,0,0,0,5360,A,GENERAL MICROBIOL,LEC,"BARRY, R.",71,17,3,0,0,0,0,0,3.75
2021-22,0,Summer,0,0,0,5370,B,GENERAL MICROBIOL,LEC,"BARRY, R.",49,12,4,3,0,0,1,0,3.52
2021-22,0,Summer,0,0,0,5230,A,NEUROBIO & BEHAVIOR,LEC,"LIOUDYNO, M.",26,34,26,0,0,0,1,0,3.0
2021-22,0,Summer,0,0,0,5430,A,BRAIN DISORDERS,LEC,"BREWER, A.",41,8,1,0,1,0,0,0,3.72
2021-22,0,Summer,0,0,0,13510,A,TREATING DIABETES,LEC,"BRODY, J.",127,4,1,1,0,3,2,0,3.94
2021-22,0,Summer,0,0,0,13530,A,CELL MOLECULAR ENGR,LEC,"MIRBOLOOKI, M.",4,2,2,1,1,1,0,0,2.58
2021-22,0,Summer,0,0,0,13540,A,EAD:DATA ANALYSIS,LEC,"HU, Q.",9,2,2,2,2,0,0,0,2.86
2021-22,0,Summer,0,0,0,13560,A,DESIGN BIOMATERIALS,LEC,VEERASUBRAMANIAN.,13,11,7,0,0,1,0,0,3.13
2021-22,0,Summer,0,0,0,40010,A,GENERAL CHEMISTRY,LEC,"SHAKA, A.",64,18,7,1,0,6,0,0,3.58
2021-22,0,Summer,0,0,0,40020,A,GENERAL CHEMISTRY,LEC,"HOLTON, A.",45,18,14,8,9,0,2,0,2.86
2021-22,0,Summer,0,0,0,40030,A,GENERAL CHEMISTRY,LEC,"HOLTON, A.",53,46,26,7,18,0,0,0,2.71
2021-22,0,Summer,0,0,0,40060,B,GENERAL CHEMISTRY,LEC,"ARASASINGHAM, R.",9,25,49,7,22,0,1,0,1.92
2021-22,0,Summer,0,0,0,40040,A1,GENRL CHEMISTRY LAB,LAB,"GERAGOTELIS, A.",2,8,4,1,3,1,0,0,2.29
2021-22,0,Summer,0,0,0,40041,A2,GENRL CHEMISTRY LAB,LAB,"GERAGOTELIS, A.",4,8,4,2,2,1,0,0,2.49
2021-22,0,Summer,0,0,0,40043,A4,GENRL CHEMISTRY LAB,LAB,"GERAGOTELIS, A.",4,4,6,0,5,0,1,0,2.07
2021-22,0,Summer,0,0,0,40046,A7,GENRL CHEMISTRY LAB,LAB,"GERAGOTELIS, A.",5,6,7,1,0,0,0,0,2.85
2021-22,0,Summer,0,0,0,40049,A10,GENRL CHEMISTRY LAB,LAB,"GERAGOTELIS, A.",5,9,4,1,2,0,1,0,2.58
2021-22,0,Summer,0,0,0,40070,B1,GENRL CHEMISTRY LAB,LAB,"EDWARDS, K.",3,11,3,0,5,0,1,0,2.31
2021-22,0,Summer,0,0,0,40071,B2,GENRL CHEMISTRY LAB,LAB,"EDWARDS, K.",2,14,3,0,2,0,0,0,2.7
2021-22,0,Summer,0,0,0,40073,B4,GENRL CHEMISTRY LAB,LAB,"EDWARDS, K.",6,10,2,0,1,0,1,0,2.97
2021-22,0,Summer,0,0,0,40080,A1,GEN CHEM LAB,LAB,"MANG, S.",14,5,1,1,0,0,0,0,3.51
2021-22,0,Summer,0,0,0,40081,A2,GEN CHEM LAB,LAB,"MANG, S.",17,5,1,0,1,0,0,0,3.49
2021-22,0,Summer,0,0,0,40085,A6,GEN CHEM LAB,LAB,"MANG, S.",15,6,0,0,0,0,0,0,3.61
2021-22,0,Summer,0,0,0,40086,A7,GEN CHEM LAB,LAB,"MANG, S.",15,6,1,0,0,0,0,0,3.6
2021-22,0,Summer,0,0,0,40100,B1,GEN CHEM LAB,LAB,"MANG, S.",10,6,1,0,0,0,0,0,3.58
2021-22,0,Summer,0,0,0,40101,B2,GEN CHEM LAB,LAB,"MANG, S.",16,2,1,1,0,0,0,0,3.61
2021-22,0,Summer,0,0,0,40102,B3,GEN CHEM LAB,LAB,"MANG, S.",14,8,0,0,0,0,0,0,3.56
2021-22,0,Summer,0,0,0,40103,B4,GEN CHEM LAB,LAB,"MANG, S.",13,2,1,1,0,1,0,0,3.52
2021-22,0,Summer,0,0,0,40106,B7,GEN CHEM LAB,LAB,"MANG, S.",10,5,2,0,0,0,0,0,3.49
2021-22,0,Summer,0,0,0,40107,B8,GEN CHEM LAB,LAB,"MANG, S.",11,7,1,0,0,0,0,0,3.51
2021-22,0,Summer,0,0,0,40120,A1,ACCEL GEN CHEM LAB,LAB,"EDWARDS, K.",5,14,1,0,0,0,0,0,3.14
2021-22,0,Summer,0,0,0,40122,A3,ACCEL GEN CHEM LAB,LAB,"EDWARDS, K.",3,14,2,0,1,1,0,0,2.92
2021-22,0,Summer,0,0,0,40130,A,SCI MATH COMPSKILLS,LEC,"FREITES, J.",9,12,7,0,1,0,0,0,2.85
2021-22,0,Summer,0,0,0,40140,A,ORGANIC CHEMISTRY,LEC,"LINK, R.",34,24,0,0,0,0,0,0,3.57
2021-22,0,Summer,0,0,0,40150,A,ORGANIC CHEMISTRY,LEC,"VILLORIA, J.",32,60,60,11,13,1,2,0,2.48
2021-22,0,Summer,0,0,0,40190,A,ORGANIC CHEMISTRY,LEC,"HOWITZ, W.",29,40,37,19,8,0,0,0,2.48
2021-22,0,Summer,0,0,0,40161,A1,ORG CHEM LAB,LAB,"THAMMAVONGSY, Z.",10,3,4,0,0,0,1,0,3.39
2021-22,0,Summer,0,0,0,40162,A2,ORG CHEM LAB,LAB,"THAMMAVONGSY, Z.",7,6,4,1,1,0,0,0,2.99
2021-22,0,Summer,0,0,0,40163,A3,ORG CHEM LAB,LAB,"THAMMAVONGSY, Z.",15,3,1,0,0,0,0,0,3.77
2021-22,0,Summer,0,0,0,40164,A4,ORG CHEM LAB,LAB,"THAMMAVONGSY, Z.",5,1,7,2,3,0,0,0,2.25
2021-22,0,Summer,0,0,0,40165,A5,ORG CHEM LAB,LAB,"THAMMAVONGSY, Z.",6,5,5,0,3,0,0,0,2.63
2021-22,0,Summer,0,0,0,40166,A6,ORG CHEM LAB,LAB,"THAMMAVONGSY, Z.",8,1,2,2,3,0,0,0,2.56
2021-22,0,Summer,0,0,0,40181,B1,ORG CHEM LAB,LAB,"WANG, X.",9,6,1,0,0,0,1,0,3.5
2021-22,0,Summer,0,0,0,40182,B2,ORG CHEM LAB,LAB,"WANG, X.",8,2,3,1,2,0,1,0,2.83
2021-22,0,Summer,0,0,0,40183,B3,ORG CHEM LAB,LAB,"WANG, X.",5,6,4,1,0,0,0,0,3.03
2021-22,0,Summer,0,0,0,40184,B4,ORG CHEM LAB,LAB,"WANG, X.",5,7,3,1,1,0,0,0,2.88
2021-22,0,Summer,0,0,0,40185,B5,ORG CHEM LAB,LAB,"WANG, X.",3,11,1,0,2,0,0,0,2.84
2021-22,0,Summer,0,0,0,40201,A1,ORG CHEM LAB,LAB,"MILLS, R.",7,5,4,1,0,0,0,0,3.04
2021-22,0,Summer,0,0,0,40202,A2,ORG CHEM LAB,LAB,"MILLS, R.",7,3,3,0,1,0,0,0,3.05
2021-22,0,Summer,0,0,0,40203,A3,ORG CHEM LAB,LAB,"MILLS, R.",7,5,2,2,0,0,0,0,3.16
2021-22,0,Summer,0,0,0,40204,A4,ORG CHEM LAB,LAB,"MILLS, R.",10,3,3,2,0,0,0,0,3.18
2021-22,0,Summer,0,0,0,40205,A5,ORG CHEM LAB,LAB,"MILLS, R.",5,5,4,0,0,0,0,0,3.09
2021-22,0,Summer,0,0,0,40206,A6,ORG CHEM LAB,LAB,"MILLS, R.",2,8,6,1,1,0,0,0,2.55
2021-22,0,Summer,0,0,0,40207,A7,ORG CHEM LAB,LAB,"MILLS, R.",11,3,2,0,0,0,0,0,3.54
2021-22,0,Summer,0,0,0,40208,A8,ORG CHEM LAB,LAB,"MILLS, R.",10,2,2,1,1,0,0,0,3.17
2021-22,0,Summer,0,0,0,40211,A1,ORG CHEM LAB,LAB,"LINK, R.",15,1,0,0,0,0,0,0,3.96
2021-22,0,Summer,0,0,0,40212,A2,ORG CHEM LAB,LAB,"LINK, R.",14,1,2,0,0,0,0,0,3.72
2021-22,0,Summer,0,0,0,40213,A3,ORG CHEM LAB,LAB,"LINK, R.",13,3,1,0,0,0,0,0,3.76
2021-22,0,Summer,0,0,0,40214,A4,ORG CHEM LAB,LAB,"LINK, R.",17,1,0,0,0,0,0,0,3.96
2021-22,0,Summer,0,0,0,40215,A5,ORG CHEM LAB,LAB,"LINK, R.",15,2,2,0,0,0,0,0,3.72
2021-22,0,Summer,0,0,0,61030,A,LAT AM:PEOPLE&CULTR,LEC,"RICHART, R.",6,3,0,0,2,1,1,0,2.89
2021-22,0,Summer,0,0,0,61070,A,LATINO METROPOLIS,LEC,"TORRES, R.",12,0,0,0,0,0,0,0,4.0
2021-22,0,Summer,0,0,0,22050,A,CHNSE MDA CULT TDAY,COL,"LIN, S.",24,4,0,1,0,2,0,0,3.67
2021-22,0,Summer,0,0,0,15410,A,PROB AND STATICS,LEC,"ESMAILI, O.",8,4,1,0,2,0,0,0,3.07
2021-22,0,Summer,0,0,0,15420,A,INTRO COMP PROB SOL,LEC,"VRUGT, J.",9,3,3,3,0,0,0,0,3.02
2021-22,0,Summer,0,0,0,15430,A,STATICS,LEC,"SUN, L.",2,8,3,0,0,0,0,0,2.95
2021-22,0,Summer,0,0,0,15460,A,MECHANICS MATERIALS,LEC,"BEHBOUD, N.",2,7,7,4,7,0,0,0,1.71
2021-22,0,Summer,0,0,0,22210,A,EARLY ROME,LEC,"KARANIKA, A.",8,1,1,0,0,0,0,0,3.61
2021-22,0,Summer,0,0,0,22220,A,THE GODS,LEC,"GIANNOPOULOU, Z.",57,7,2,0,1,2,0,0,3.76
2021-22,0,Summer,0,0,0,22230,A,THE HEROES,LEC,"KARANIKA, A.",10,1,0,0,2,1,0,0,3.29
2021-22,0,Summer,0,0,0,22240,B,THE HEROES,LEC,"GIANNOPOULOU, Z.",44,3,1,0,0,0,0,0,3.89
2021-22,0,Summer,0,0,0,68010,A,INTRO TO PSYCHOLOGY,LEC,"HAGEDORN, J.",109,5,0,0,2,7,1,0,3.89
2021-22,0,Summer,0,0,0,68020,B,INTRO TO PSYCHOLOGY,LEC,"LOFGREN, C.",27,12,5,0,0,7,0,0,3.45
2021-22,0,Summer,0,0,0,68030,A,PSYCH FUNDAMENTALS,LEC,"BERG, B.",18,21,0,0,0,1,0,0,3.43
2021-22,0,Summer,0,0,0,68040,B,PSYCH FUNDAMENTALS,LEC,"D'ZMURA, T.",36,8,1,0,0,1,0,0,3.76
2021-22,0,Summer,0,0,0,68050,B,PSYCH FUNDAMENTALS,LEC,"CHENG, Y.",25,5,1,0,0,0,0,0,3.77
2021-22,0,Summer,0,0,0,68060,C,PSYCH FUNDAMENTALS,LEC,"COON, J.",30,6,2,0,1,0,0,0,3.59
2021-22,0,Summer,0,0,0,68070,A,PSYCH FUNDAMENTALS,LEC,"KIRCHER, J.",13,10,2,0,0,0,0,0,3.4
2021-22,0,Summer,0,0,0,68080,B,PSYCH FUNDAMENTALS,LEC,"SLONECKER, E.",23,7,0,0,0,0,0,0,3.73
2021-22,0,Summer,0,0,0,68090,A,PROB&STAT PSYCH II,LEC,"CHEN, P.",46,8,3,1,0,1,0,0,3.65
2021-22,0,Summer,0,0,0,68100,A,PROB&STAT PSYCH III,LEC,"WAZ, S.",27,15,8,1,1,0,0,0,3.28
2021-22,0,Summer,0,0,0,68110,A,INTRO HUMAN MEMORY,LEC,"LOFGREN, C.",18,12,3,0,1,3,0,0,3.36
2021-22,0,Summer,0,0,0,68130,A,PSYCH RES METH LAB,LAB,"LOFGREN, C.",13,7,6,1,0,1,0,0,3.17
2021-22,0,Summer,0,0,0,68140,A,PSYCH RES METHODS,LEC,"LOFGREN, C.",13,7,6,1,0,1,0,0,3.17
2021-22,0,Summer,0,0,0,68150,A,INTRO FMRI RESEARCH,LEC,"GROSSMAN, E.",10,1,0,0,0,1,0,0,3.88
2021-22,0,Summer,0,0,0,68155,A1,FMRI RESEARCH LAB,LAB,"GROSSMAN, E.",10,1,0,0,0,1,0,0,3.88
2021-22,0,Summer,0,0,0,68160,A,ABNORMAL PSYCHOLOGY,LEC,"LEWIS, J.",71,16,7,1,4,1,1,0,3.48
2021-22,0,Summer,0,0,0,68170,A,PSYCH OF MUSIC,LEC,"HAGEDORN, J.",76,12,3,0,0,3,0,0,3.8
2021-22,0,Summer,0,0,0,68180,B,EVOL PSYCH,LEC,"BERG, B.",22,7,0,0,0,0,0,0,3.67
2021-22,0,Summer,0,0,0,68190,A,PERCEP & SENS PROC,LEC,"D'ZMURA, T.",81,28,1,0,0,3,1,0,3.71
2021-22,0,Summer,0,0,0,68200,A,COGNITIVE SCIENCE,LEC,"D'ZMURA, T.",71,9,0,0,0,0,0,0,3.88
2021-22,0,Summer,0,0,0,68210,A,COG NEUROSCIENCE,LEC,"GROSSMAN, E.",25,22,6,0,3,1,2,0,3.11
2021-22,0,Summer,0,0,0,68220,A,BRAIN DISORDERS,LEC,"BREWER, A.",22,11,6,4,2,0,0,0,3.02
2021-22,0,Summer,0,0,0,22710,A,MLTCLT SCIFICT&FANT,LEC,"BARRETT, R.",18,4,0,0,1,1,0,0,3.63
2021-22,0,Summer,0,0,0,22730,A,WORLD LITERATURE,LEC,"CALL, A.",13,1,0,0,0,1,0,0,3.84
2021-22,0,Summer,0,0,0,22740,A,THE BLUE HUMANITIES,SEM,"OBODIAC, E.",7,8,0,0,0,4,0,0,3.43
2021-22,0,Summer,0,0,0,34100,A,INTRO TO DATA MGMT,LEC,"WONG-MA, J.",33,22,7,0,0,0,0,0,3.41
2021-22,0,Summer,0,0,0,34120,A,ADV COMPUTER NETWKS,LEC,"EL ZARKI, M.",7,27,3,0,6,0,2,0,2.61
2021-22,0,Summer,0,0,0,34130,A,CONCEPT PGMG LANG I,LEC,"ALFARO, S.",23,20,4,1,3,1,0,0,3.18
2021-22,0,Summer,0,0,0,34140,A,PRNCPLS OPERTNG SYS,LEC,"BIC, L.",49,23,8,6,0,0,1,0,3.31
2021-22,0,Summer,0,0,0,34155,A,DES&ANALYS OF ALGOR,LEC,"OLIVARES MANAS, E.",31,5,2,0,0,0,0,0,3.72
2021-22,0,Summer,0,0,0,34160,A,INTRO ARTIFCL INTEL,LEC,"KASK, K.",46,7,0,0,0,1,2,0,3.78
2021-22,0,Summer,0,0,0,52010,A,INTRO CRIM LAW &SOC,LEC,"GRASSO, J.",23,6,4,1,2,2,0,0,3.25
2021-22,0,Summer,0,0,0,52020,B,INTRO CRIM LAW &SOC,LEC,"TRIOLA, A.",34,12,2,2,0,4,0,0,3.58
2021-22,0,Summer,0,0,0,52030,A,"FND CRM, LAW & SOC",LEC,"KIDD, T.",48,13,1,0,2,1,1,0,3.59
2021-22,0,Summer,0,0,0,52040,A,SOCIOLOGY OF LAW,LEC,"TORRES, J.",54,7,1,0,0,0,0,0,3.82
2021-22,0,Summer,0,0,0,52050,A,CRIME & PUB PLCY,LEC,"CONTRERAS, C.",46,7,1,0,1,1,0,0,3.73
2021-22,0,Summer,0,0,0,52060,A,"PRISONS, PUN & CORR",LEC,"PAPPAS, L.",26,11,1,0,1,0,0,0,3.53
2021-22,0,Summer,0,0,0,52070,A,LAW & INEQUALITY,LEC,"CHAVEZ, E.",76,5,0,0,2,0,0,0,3.8
2021-22,0,Summer,0,0,0,52080,A,HATE CRIMES,LEC,"FLORES, Y.",85,1,0,0,3,1,0,0,3.84
2021-22,0,Summer,0,0,0,52090,A,WHITE COLLAR CRIME,LEC,"PONTELL, H.",29,12,3,0,1,1,0,0,3.45
2021-22,0,Summer,0,0,0,52100,A,SOC CONTR OF DELINQ,LEC,"MAGIDSON, M.",25,7,0,0,0,0,0,0,3.77
2021-22,0,Summer,0,0,0,52110,A,EXTREME PUNISHMENT,LEC,"REITER, K.",66,1,2,1,0,0,0,0,3.87
2021-22,0,Summer,0,0,0,52120,A,CLASSICS CR CINEMA,LEC,"PONTELL, H.",31,3,0,0,0,2,0,0,3.88
2021-22,0,Summer,0,0,0,2010,A,SCI CONCPTS HEALTH,LEC,"SHARP, K.",99,7,2,1,1,6,2,0,3.81
2021-22,0,Summer,0,0,0,2020,B,SCI CONCPTS HEALTH,LEC,"SHARP, K.",105,11,4,0,2,7,2,0,3.75
2021-22,0,Summer,0,0,0,2040,A,CRIT ISS IN DANCE,LEC,"TERRICCIANO, A.",18,3,0,0,0,0,1,0,3.83
2021-22,0,Summer,0,0,0,87030,A,PATHWAYS TO SUCCESS,LEC,"DUKES, A.",60,1,2,1,0,2,0,0,3.87
2021-22,0,Summer,0,0,0,87050,B,PATHWAYS TO SUCCESS,LEC,"TIWARI, A.",45,2,0,0,0,1,0,0,3.93
2021-22,0,Summer,0,0,0,87070,A,BRIDGES TO SUCCESS,LEC,"DUKES, A.",35,2,0,0,2,1,0,0,3.76
2021-22,0,Summer,0,0,0,87090,B,BRIDGES TO SUCCESS,LEC,"TIWARI, A.",49,3,3,0,3,2,0,0,3.63
2021-22,0,Summer,0,0,0,87210,A,DIRECTED STUDY DUE,RES,"ALEXANDER, J.",54,5,9,1,1,14,4,0,3.56
2021-22,0,Summer,0,0,0,3010,A,INTRO TO THEATRE,LEC,"VEENSTRA, J.",22,8,2,1,3,4,2,0,3.16
2021-22,0,Summer,0,0,0,3035,A,CULTURE IN PERF,LEC,"WOOD, S.",31,1,1,0,0,2,0,0,3.89
2021-22,0,Summer,0,0,0,3040,A,INTRO TO STAGE MGMT,STU,"HILL, D.",21,0,0,0,0,0,0,0,3.97
2021-22,0,Summer,0,0,0,3050,A,EAT DRINK PERFORM,LEC,"LEI, D.",10,2,1,0,1,1,0,0,3.39
2021-22,0,Summer,0,0,0,3060,A,INTERMEDIATE ACTING,STU,"BRESTOFF, R.",12,0,0,0,0,1,0,0,3.98
2021-22,0,Summer,0,0,0,3070,A,SHOW BIZ BUSINESS,STU,"HILL, D.",14,0,0,0,0,0,0,0,4.0
2021-22,0,Summer,0,0,0,42010,A,INTRO TO ESS,LEC,"LI, Y.",24,23,10,1,0,9,0,0,3.15
2021-22,0,Summer,0,0,0,42020,A,OCEANOGRAPHY,LEC,"HE, Z.",15,10,3,0,1,3,1,0,3.25
2021-22,0,Summer,0,0,0,42040,A,CLIMATE CHANGE,LEC,"RAFTER, P.",21,7,0,0,1,3,0,0,3.62
2021-22,0,Summer,0,0,0,42050,A,CATASTROPHES,LEC,"CHENG, G.",4,8,4,2,0,2,0,0,2.88
2021-22,0,Summer,0,0,0,23010,A,KOREAN ANIMATION,LEC,"GOTTESMAN, Z.",14,1,0,0,1,1,1,0,3.67
2021-22,0,Summer,0,0,0,23020,A,READ MADNSS KOREAN,LEC,"CHO, M.",15,0,0,0,0,0,0,0,3.98
2021-22,0,Summer,0,0,0,62010,A,FEDERAL RESERVE,LEC,"RICHARDSON, G.",11,22,6,0,0,3,0,0,3.04
2021-22,0,Summer,0,0,0,62020,A,GLOBAL ECONOMY,LEC,"SARRAF, G.",34,15,0,0,0,5,0,0,3.62
2021-22,0,Summer,0,0,0,62030,B,GLOBAL ECONOMY,LEC,"MILANI, F.",6,15,3,0,3,1,0,0,2.77
2021-22,0,Summer,0,0,0,62040,A,PROB & STATS ECON I,LEC,"ROBBINS, T.",30,27,5,2,10,1,1,0,2.83
2021-22,0,Summer,0,0,0,62050,B,PROB & STATS ECON I,LEC,"LUK, H.",18,17,10,2,2,0,0,0,2.92
2021-22,0,Summer,0,0,0,62060,A,PROB &STATS ECON II,LEC,"SHIREY, P.",14,13,13,5,5,2,1,0,2.51
2021-22,0,Summer,0,0,0,62070,B,PROB &STATS ECON II,LEC,"LADD, D.",16,20,4,2,2,2,1,0,3.04
2021-22,0,Summer,0,0,0,62080,A,BASIC ECONOMICS I,LEC,"BRANCH, W.",97,17,5,2,3,1,0,0,3.63
2021-22,0,Summer,0,0,0,62090,B,BASIC ECONOMICS I,LEC,"VO, P.",16,1,0,0,0,0,0,0,3.84
2021-22,0,Summer,0,0,0,62100,C,BASIC ECONOMICS I,LEC,"BRANCH, W.",42,5,2,2,2,2,1,0,3.52
2021-22,0,Summer,0,0,0,62110,A,BASIC ECONOMICS II,LEC,"BRANCH, W.",57,3,3,0,1,1,0,0,3.78
2021-22,0,Summer,0,0,0,62120,B,BASIC ECONOMICS II,LEC,"BRANCH, W.",32,3,0,2,1,1,1,0,3.67
2021-22,0,Summer,0,0,0,62140,B,ECON ACCTG DECS,LEC,"MARI, R.",17,1,0,0,1,0,0,0,3.61
2021-22,0,Summer,0,0,0,62150,A,INTER ECONOMICS I,LEC,"TOUKAN, A.",22,23,20,15,2,0,0,0,2.56
2021-22,0,Summer,0,0,0,62160,B,INTER ECONOMICS I,LEC,"AGGARWAL, N.",35,5,2,0,2,0,0,0,3.57
2021-22,0,Summer,0,0,0,62170,A,INTER ECONOMICS II,LEC,"TOUKAN, A.",17,48,17,6,3,1,1,0,2.73
2021-22,0,Summer,0,0,0,62180,A,INTER ECONOMICS III,LEC,"ROCHETEAU, G.",24,16,6,2,2,1,0,0,3.12
2021-22,0,Summer,0,0,0,62190,B,INTER ECONOMICS III,LEC,"JENKINS, B.",33,16,7,1,2,0,0,0,3.28
2021-22,0,Summer,0,0,0,62200,A,INTER QUANT ECON I,LEC,"MILANI, F.",21,5,1,0,1,0,0,0,3.51
2021-22,0,Summer,0,0,0,62210,A,INTER QUANT ECON II,LEC,"MILANI, F.",8,8,1,2,0,0,0,0,3.14
2021-22,0,Summer,0,0,0,62220,A,APPLD ECONMETRIC I,LEC,"RODRIGUEZ LOPEZ, J.",72,20,4,0,0,1,0,0,3.72
2021-22,0,Summer,0,0,0,62230,B,APPLD ECONMETRIC I,LEC,"RODRIGUEZ LOPEZ, J.",55,19,7,0,2,0,0,0,3.45
2021-22,0,Summer,0,0,0,62240,A,APPLD ECONMETRIC II,LEC,"FERNANDES, FRANCO.",36,13,6,4,2,0,0,0,3.26
2021-22,0,Summer,0,0,0,62250,B,APPLD ECONMETRIC II,LEC,"RODRIGUEZ LOPEZ, J.",68,20,4,0,0,0,0,0,3.64
2021-22,0,Summer,0,0,0,62260,A,INTRO FINANCL INVST,LEC,"SOHRABIAN, A.",49,16,0,0,0,0,1,0,3.64
2021-22,0,Summer,0,0,0,62270,A,CORPORATE FINANCE,LEC,"SOHRABIAN, A.",44,18,0,0,0,3,0,0,3.63
2021-22,0,Summer,0,0,0,62280,A,MATH OF FINANCE,LEC,"NORTHRUP, S.",2,5,9,2,1,0,2,0,2.28
2021-22,0,Summer,0,0,0,62290,A,FIN MRKT & MACECON,LEC,"MILANI, F.",24,8,3,3,7,2,0,0,2.81
2021-22,0,Summer,0,0,0,62300,A,MANAGERIAL ECON,LEC,"AGGARWAL, N.",89,12,4,1,0,1,1,0,3.78
2021-22,0,Summer,0,0,0,62310,A,ECONOMIC ANTHRO,LEC,"YOLMO, N.",51,4,2,0,0,3,0,0,3.85
2021-22,0,Summer,0,0,0,62320,A,VOTING & MANIPULATN,LEC,"EVCI, U.",95,14,12,2,1,1,0,0,3.61
2021-22,0,Summer,0,0,0,62340,A,INTL TRADE&COM POL,LEC,"SARRAF, G.",106,11,3,1,1,1,0,0,3.76
2021-22,0,Summer,0,0,0,12010,A,21ST CEN LITERACIES,LEC,"VU, V.",23,19,0,0,3,1,1,0,3.26
2021-22,0,Summer,0,0,0,12020,A,DEV LEARN IN EDUC,LEC,"CHEN, E.",38,5,2,1,1,0,0,0,3.58
2021-22,0,Summer,0,0,0,12030,A,ISSUES IN K-12 EDUC,LEC,"VU, V.",31,15,2,1,3,1,1,0,3.25
2021-22,0,Summer,0,0,0,12040,A,ADOLESCENT DEV EDUC,LEC,"RENICK, J.",35,18,1,0,0,1,0,0,3.57
2021-22,0,Summer,0,0,0,12050,A,EDUC TECHNOLOGY,LEC,"VU, V.",28,13,2,1,2,0,0,0,3.35
2021-22,0,Summer,0,0,0,12060,A,OUT OF SCHL LEARNG,LEC,"EDLUND LAO, J.",25,7,1,0,2,0,1,0,3.47
2021-22,0,Summer,0,0,0,12070,A,ADV WRTG FOR ED SCI,LEC,"COLLINS, P.",33,0,0,0,0,3,0,0,3.97
2021-22,0,Summer,0,0,0,16410,A,COMP METHODS IN ECE,LEC,"DOEMER, R.",12,5,2,0,0,0,0,0,3.48
2021-22,0,Summer,0,0,0,16420,A,INTRO PROGRAMMING,LEC,"SHEU, C.",13,8,0,0,1,0,0,0,3.36
2021-22,0,Summer,0,0,0,16440,A,ADV C PROGRAMMING,LEC,"DANG, Q.",8,3,2,0,0,0,0,0,3.39
2021-22,0,Summer,0,0,0,16450,A,INTRO DIGITAL SYST,LEC,"DANG, Q.",9,6,4,3,2,0,2,0,2.66
2021-22,0,Summer,0,0,0,16460,A,INTRO DIG LOGIC LAB,LEC,"DANG, Q.",10,4,0,0,3,0,0,0,3.06
2021-22,0,Summer,0,0,0,16475,B,DISCR-TM SIGS/SYSTM,LEC,"EBRAHIMI, P.",13,11,13,3,6,1,1,0,2.5
2021-22,0,Summer,0,0,0,16480,A,ENGR PROBABILITY,LEC,"CHEN, W.",20,15,4,0,0,0,0,0,3.38
2021-22,0,Summer,0,0,0,16490,A,NETWORK ANALYSIS I,LEC,"CHAUDHRY, M.",10,13,14,3,0,1,0,0,2.71
2021-22,0,Summer,0,0,0,16510,A,NETWORK ANALYSIS II,LEC,"LEE, H.",13,14,10,1,5,0,1,0,2.69
2021-22,0,Summer,0,0,0,16500,A,NET ANALYS I LAB,LAB,"CHAUDHRY, M.",24,1,0,0,1,0,0,0,3.76
2021-22,0,Summer,0,0,0,16520,A,NET ANALYS II LAB,LAB,"LEE, H.",18,3,0,0,1,1,0,0,3.57
2021-22,0,Summer,0,0,0,16525,B,NET ANALYS II LAB,LAB,"LEE, H.",14,3,0,0,0,0,1,0,3.67
2021-22,0,Summer,0,0,0,16560,A,ELECTRONICS III,LEC,"CHAUDHRY, M.",9,7,19,2,0,0,0,0,2.66
2021-22,0,Summer,0,0,0,16570,A,ELECTRONICS III LAB,LAB,"CHAUDHRY, M.",29,2,0,0,0,0,0,0,3.92
2021-22,0,Summer,0,0,0,13090,A,COMM IN PROF WORLD,LEC,"FORESTA, J.",15,4,0,0,0,0,0,0,3.73
2021-22,0,Summer,0,0,0,13100,B,COMM IN PROF WORLD,LEC,"TATERI, J.",8,9,0,1,0,0,0,0,3.27
2021-22,0,Summer,0,0,0,13110,C,COMM IN PROF WORLD,LEC,"FORESTA, J.",16,5,0,0,0,0,0,0,3.75
2021-22,0,Summer,0,0,0,13120,D,COMM IN PROF WORLD,LEC,"HONG, P.",6,11,0,0,0,0,0,0,3.34
2021-22,0,Summer,0,0,0,13130,E,COMM IN PROF WORLD,LEC,"HONG, P.",3,12,2,1,0,0,0,0,2.83
2021-22,0,Summer,0,0,0,13140,F,COMM IN PROF WORLD,LEC,"TATERI, J.",2,12,1,1,0,0,0,0,2.94
2021-22,0,Summer,0,0,0,23310,A,SHAKESPEARE,LEC,"KAUFMAN, S.",30,5,1,0,2,0,1,0,3.54
2021-22,0,Summer,0,0,0,23330,A,CRAFT OF POETRY,LEC,"LATIOLAIS, P.",8,5,0,0,0,0,0,0,3.59
2021-22,0,Summer,0,0,0,23340,A,CRAFT OF FICTION,LEC,"LATIOLAIS, P.",7,6,2,0,1,0,0,0,3.11
2021-22,0,Summer,0,0,0,23350,A,19C POETRY,LEC,"WARMINSKI, A.",6,12,6,0,0,1,0,0,3.03
2021-22,0,Summer,0,0,0,23360,A,UNRELIABLE NARRATOR,LEC,"BARTLETT, J.",27,6,3,0,0,0,0,0,3.64
2021-22,0,Summer,0,0,0,24040,A,ORIGIN OF LANGUAGE,LEC,"PAN, D.",11,6,6,1,1,6,1,0,2.95
2021-22,0,Summer,0,0,0,24020,A,EUROPE & MODERNITY,LEC,"SMITH, J.",13,1,0,0,1,1,0,0,3.63
2021-22,0,Summer,0,0,0,24030,A,EUROPE'S FUTURES,LEC,"EVERS, K.",45,0,1,0,3,1,0,0,3.7
2021-22,0,Summer,0,0,0,24110,A,INTRO FILM ANALYSIS,LEC,"KEEVER, J.",45,10,0,0,0,9,0,0,3.77
2021-22,0,Summer,0,0,0,24120,A,BROADCAST MEDIA,LEC,"BUSTILLO, D.",49,4,0,1,2,1,0,0,3.67
2021-22,0,Summer,0,0,0,24130,A,NEW MEDIA & DIGITAL,LEC,"DONAHEY, K.",46,2,0,0,2,3,0,0,3.74
2021-22,0,Summer,0,0,0,24140,A,SILENT ERA,LEC,"MARZOLA, L.",14,8,3,0,0,0,0,0,3.36
2021-22,0,Summer,0,0,0,24150,A,CONTEMPORARY ERA,LEC,"WONG, K.",15,19,1,1,1,0,0,0,3.24
2021-22,0,Summer,0,0,0,24160,A,ASIANAM FILM&VIDEO,LEC,"SHROFF, B.",27,3,0,0,0,1,0,0,3.89
2021-22,0,Summer,0,0,0,24170,A,WRITING ON FILM&MDA,LEC,"KRAPP, P.",5,8,7,1,0,3,0,0,2.77
2021-22,0,Summer,0,0,0,24810,A,INTENSV FUND FRENCH,LEC,"MOURAD, G.",13,2,0,0,1,3,0,0,3.66
2021-22,0,Summer,0,0,0,24820,A,INTENSV FUND FRENCH,LEC,"SALADIN, L.",13,2,0,0,0,3,0,0,3.79
2021-22,0,Summer,0,0,0,24830,A,INTERMEDIATE,LEC,"KLEIN, L.",9,6,3,0,0,2,1,0,3.4
2021-22,0,Summer,0,0,0,24840,A,INTERMEDIATE,LEC,"MIJALSKI, M.",16,5,0,0,0,0,0,0,3.69
2021-22,0,Summer,0,0,0,25010,A,INTRO QUEER STUDIES,LEC,"BUSTILLO, D.",52,9,0,0,1,3,1,0,3.71
2021-22,0,Summer,0,0,0,25020,A,GENDER & FEMINISM,LEC,"SLATTERY, J.",42,6,0,0,0,6,0,0,3.86
2021-22,0,Summer,0,0,0,25030,A,GENDER AND POWER,LEC,"GONZALES, I.",26,2,1,0,2,3,1,0,3.53
2021-22,0,Summer,0,0,0,25040,A,GNDR&POPULAR CULTR,LEC,"CHING, K.",25,8,1,0,1,2,0,0,3.56
2021-22,0,Summer,0,0,0,26510,A,HISTORY OF SOCCER,LEC,"HUMPHREY, O.",23,4,2,0,1,2,1,0,3.57
2021-22,0,Summer,0,0,0,26520,B,MAO TO NOW,LEC,"SPIVEY, B.",12,3,0,0,0,0,0,0,3.74
2021-22,0,Summer,0,0,0,26530,A,HISTORY SEX IN US,LEC,"ACHEE, A.",11,6,2,1,0,2,0,0,3.4
2021-22,0,Summer,0,0,0,26540,A,WORLD RELIGIONS I,LEC,"MCKENNA, J.",10,3,0,0,0,2,0,0,3.79
2021-22,0,Summer,0,0,0,26550,A,WORLD:EMPIRE&REVOLT,LEC,"ALAHVERDIAN, A.",17,5,1,0,0,3,0,0,3.6
2021-22,0,Summer,0,0,0,26570,A,WORLD: WAR & NATION,LEC,"LANDE, S.",16,4,3,0,2,3,1,0,3.2
2021-22,0,Summer,0,0,0,26590,A,COL AM:NEW WORLDS,LEC,"SPEARE, M.",55,4,0,0,0,14,0,0,3.94
2021-22,0,Summer,0,0,0,26600,A,19C US:CRISIS&EXPAN,LEC,"MILLWARD, J.",48,13,1,0,0,44,0,0,3.75
2021-22,0,Summer,0,0,0,26610,A,MOD AM CLTR&POWER,LEC,"CALAHANE, K.",49,4,0,1,0,24,0,0,3.86
2021-22,0,Summer,0,0,0,26620,B,MOD AM CLTR&POWER,LEC,"GORDON, BETTENCOURT.",66,11,1,0,1,30,2,0,3.79
2021-22,0,Summer,0,0,0,26630,A,MAKING MDRN SCIENCE,LEC,"MESKHIDZE, E.",35,8,1,1,1,0,2,0,3.61
2021-22,0,Summer,0,0,0,26650,B,MODERN EAST ASIA,LEC,"DAVID, K.",6,3,0,0,1,0,0,0,3.24
2021-22,0,Summer,0,0,0,26660,A,LAT AM REBELLIONS,LEC,"LANDE, S.",9,5,0,0,4,1,0,0,2.85
2021-22,0,Summer,0,0,0,27610,A,FRKY CRAZY STRANGE,LEC,"MEHRA, G.",8,3,0,0,2,0,0,0,3.04
2021-22,0,Summer,0,0,0,37010,A,INTRO SOFTWARE ENGR,LEC,"ZIV, H.",54,7,3,2,1,0,0,0,3.64
2021-22,0,Summer,0,0,0,37050,A,CONCEPT PGMG LANG I,LEC,"ALFARO, S.",6,3,2,0,0,0,0,0,3.26
2021-22,0,Summer,0,0,0,37060,A,HUMAN CMPTR INTRACT,LEC,"WOLF, C.",34,8,0,0,0,1,0,0,3.82
2021-22,0,Summer,0,0,0,36510,A,BOOL LOG & DISC STR,LEC,"HAYES, W.",10,8,8,1,0,1,1,0,2.96
2021-22,0,Summer,0,0,0,36520,B,BOOL LOG & DISC STR,LEC,"BIC, L.",49,13,2,0,1,1,1,0,3.65
2021-22,0,Summer,0,0,0,36530,A,COMP LINEAR ALGEBRA,LEC,MEENAKSHISUNDARAM.,15,6,1,1,2,1,2,0,3.18
2021-22,0,Summer,0,0,0,36540,A,INTRO TO PROGRMMING,LEC,"HARRIS, I.",40,17,8,1,5,10,6,0,3.15
2021-22,0,Summer,0,0,0,36550,A,PROG SOFTWARE LIBR,LEC,"BALDWIN, M.",27,9,1,4,10,3,1,0,2.73
2021-22,0,Summer,0,0,0,36560,B,PROG SOFTWARE LIBR,LEC,"IBRAHIM, M.",0,30,15,4,3,1,1,0,2.27
2021-22,0,Summer,0,0,0,36570,A,INTERMEDIATE PRGRMG,LEC,"KLOTZMAN, V.",37,0,0,0,0,0,0,0,3.99
2021-22,0,Summer,0,0,0,36580,A,PROGRAM IN C/C++,LEC,"IBRAHIM, M.",52,4,1,0,6,1,1,0,3.49
2021-22,0,Summer,0,0,0,36590,A,INTRO COMPUTER ORG,LEC,"NICOLAU, A.",100,5,1,0,3,0,0,0,3.82
2021-22,0,Summer,0,0,0,36600,A,CMP GAMES & SOCIETY,LEC,"GARDNER, R.",15,0,0,0,2,0,0,0,3.53
2021-22,0,Summer,0,0,0,36610,A,CRITICAL WRITING,LEC,"KAY, D.",28,9,0,1,0,2,0,0,3.63
2021-22,0,Summer,0,0,0,36620,B,CRITICAL WRITING,LEC,"ALFARO, S.",27,6,3,0,0,1,0,0,3.63
2021-22,0,Summer,0,0,0,36630,C,CRITICAL WRITING,LEC,"CHRISTENSEN, M.",38,2,0,0,0,1,0,0,3.79
2021-22,0,Summer,0,0,0,36640,D,CRITICAL WRITING,LEC,"IBRAHIM, M.",24,8,3,2,2,2,0,0,3.26
2021-22,0,Summer,0,0,0,36701,B,INDUS/PBLC FLD STDY,FLD,MEENAKSHISUNDARAM.,0,0,0,0,0,10,0,0,
2021-22,0,Summer,0,0,0,64010,A,INTRO GLOBAL STUDY,LEC,"MCCARTY, P.",94,6,0,1,3,2,0,0,3.8
2021-22,0,Summer,0,0,0,64020,B,INTRO GLOBAL STUDY,LEC,"MCCARTY, P.",86,11,3,1,2,2,1,0,3.7
2021-22,0,Summer,0,0,0,64030,A,GLOBAL CULTURES&SOC,LEC,"DARIAN-SMITH, E.",18,1,0,0,1,1,0,0,3.72
2021-22,0,Summer,0,0,0,64040,B,GLOBAL CULTURES&SOC,LEC,"DARIAN-SMITH, E.",23,0,0,0,0,0,0,0,3.97
2021-22,0,Summer,0,0,0,64070,A,INTRO INTL RELATNS,LEC,"PETROVIC, B.",6,3,0,0,0,2,0,0,3.67
2021-22,0,Summer,0,0,0,64080,A,GLOBAL ENVIRONMENTS,LEC,"MCCARTY, P.",35,2,0,0,0,0,0,0,3.9
2021-22,0,Summer,0,0,0,64090,A,GLBL POV & INEQULTY,LEC,"MATTHEW, R.",12,2,0,0,0,0,0,0,3.81
2021-22,0,Summer,0,0,0,64120,A,TRANSNATIONAL GANGS,LEC,"VALDEZ, A.",22,3,0,0,0,1,0,0,3.87
2021-22,0,Summer,0,0,0,64170,A,GLOBL INEQUALITIES,LEC,"BUI, L.",50,4,4,0,1,1,0,0,3.67
2021-22,0,Summer,0,0,0,64190,A,GLOBAL & INTL FORUM,LEC,"DARIAN-SMITH, E.",24,1,0,0,0,0,0,0,3.95
2021-22,0,Summer,0,0,0,64200,B,GLOBAL & INTL FORUM,LEC,"DARIAN-SMITH, E.",24,3,1,0,1,0,0,0,3.68
2021-22,0,Summer,0,0,0,28810,A,ITALIAN CINEMA,LEC,"DI MAIO, F.",13,0,0,0,1,3,0,0,3.69
2021-22,0,Summer,0,0,0,28910,A,FUNDAMENTALS,LEC,"SITHIAMNUAI, E.",11,8,2,0,0,2,0,0,3.51
2021-22,0,Summer,0,0,0,28920,A,FUNDAMENTALS,LEC,"RIGGS, H.",9,4,4,0,0,4,0,0,3.35
2021-22,0,Summer,0,0,0,28930,A,INTERMEDIATE,LEC,"FLORES, R.",4,4,5,0,0,3,0,0,2.92
2021-22,0,Summer,0,0,0,28940,A,INTERMEDIATE,LEC,"NAGAI, A.",3,6,5,0,0,0,1,0,2.9
2021-22,0,Summer,0,0,0,29310,A,FUNDAMENTALS,LEC,"HYUN, H.",9,3,3,0,0,2,0,0,3.32
2021-22,0,Summer,0,0,0,29320,A,FUNDAMENTALS,LEC,"LEE, Y.",9,1,0,0,1,1,0,0,3.38
2021-22,0,Summer,0,0,0,65030,A,INTRO TO LINGUIS,LEC,"MIS, B.",8,3,2,1,1,1,0,0,3.01
2021-22,0,Summer,0,0,0,65040,A,INTRO TO PHONOLOGY,LEC,"BATES, A.",21,2,0,0,0,0,0,0,3.87
2021-22,0,Summer,0,0,0,65050,A,INTRO TO SYNTAX,LEC,"TRAN, T.",1,7,5,0,0,1,0,0,2.62
2021-22,0,Summer,0,0,0,66010,A,CRITICAL REASONING,LEC,"GONZALEZ, J.",8,0,1,0,0,1,0,0,3.74
2021-22,0,Summer,0,0,0,66020,B,CRITICAL REASONING,LEC,"HEIS, J.",9,5,3,1,1,3,0,0,3.08
2021-22,0,Summer,0,0,0,66050,A,MAKING MDRN SCIENCE,LEC,"MESKHIDZE, E.",24,3,2,1,0,1,0,0,3.6
2021-22,0,Summer,0,0,0,38002,A,INTRO BUSINESS MGMT,LEC,"EPPEL, T.",100,21,2,0,1,5,2,0,3.72
2021-22,0,Summer,0,0,0,38016,A,BUSINESS STATISTICS,LEC,"EPPEL, T.",10,13,11,4,4,1,2,0,2.54
2021-22,0,Summer,0,0,0,38031,A,PRNCPLS OF ACCTG I,LEC,"CHAO, M.",36,38,13,9,7,6,8,0,2.84
2021-22,0,Summer,0,0,0,38038,A,PRNCPLS OF ACCTG II,LEC,"HUANG, X.",53,15,4,3,1,1,1,0,3.53
2021-22,0,Summer,0,0,0,38052,A,MANAGEMENT SCIENCE,LEC,"EPPEL, T.",56,16,1,1,1,2,2,0,3.56
2021-22,0,Summer,0,0,0,38055,A,MANAG ORG BEHAVIOR,LEC,"ANDREWS, S.",27,28,4,0,0,1,1,0,3.3
2021-22,0,Summer,0,0,0,38057,B,MANAG ORG BEHAVIOR,LEC,"SOMMER, S.",10,14,7,0,0,0,0,0,3.07
2021-22,0,Summer,0,0,0,38063,B,INTRO TO MARKETING,LEC,"LETOURNEAU, D.",105,24,1,0,1,6,0,0,3.71
2021-22,0,Summer,0,0,0,38069,B,INTRO TO INFO MGMT,LEC,"MOULIK, S.",131,0,0,0,1,2,0,0,3.95
2021-22,0,Summer,0,0,0,38072,A,INTRO MANAGRL FIN,LEC,"RICHEY, T.",55,12,5,0,0,3,0,0,3.66
2021-22,0,Summer,0,0,0,38080,A,ENTREPRENEURSHIP,LEC,"BAILEY, D.",26,17,0,0,1,3,0,0,3.54
2021-22,0,Summer,0,0,0,38099,A,HR MANAGEMENT,LEC,"AGUAS, M.",20,18,6,3,2,6,1,0,2.99
2021-22,0,Summer,0,0,0,38098,A,FOUNDATIONS TEAMS,LEC,"HITE, J.",25,6,1,0,0,1,0,0,3.69
2021-22,0,Summer,0,0,0,38111,A,INTERMED ACCTG I,LEC,"CHATANI, K.",16,11,2,0,1,0,0,0,3.35
2021-22,0,Summer,0,0,0,38119,A,INTERMED ACCTG II,LEC,"CHATANI, K.",6,7,1,0,0,1,0,0,3.31
2021-22,0,Summer,0,0,0,38125,A,INDIVIDUAL TAXATION,LEC,"CHAO, M.",14,7,2,3,1,1,1,0,3.09
2021-22,0,Summer,0,0,0,38171,A,INVESTMENTS,LEC,"YANG, D.",8,6,0,2,0,0,0,0,3.19
2021-22,0,Summer,0,0,0,38496,A,MARKETING ANALYTICS,LEC,"PETTIETTE, M.",12,4,1,0,0,1,1,0,3.63
2021-22,0,Summer,0,0,0,38450,A,FIN STATEMNT ANALYS,LEC,"FLAIZ-WINDHAM, J.",9,3,3,0,0,2,0,0,3.34
2021-22,0,Summer,0,0,0,19550,A,DESGN FAILURE INVST,LEC,"SAEIDI, S.",5,5,1,0,1,1,0,0,3.06
2021-22,0,Summer,0,0,0,44010,A,PRE-CALCULUS,LEC,"LEHMAN, R.",3,6,1,1,4,1,2,0,2.22
2021-22,0,Summer,0,0,0,44020,A,PRE-CALCULUS,LEC,"LEHMAN, R.",43,18,16,9,9,1,1,0,2.8
2021-22,0,Summer,0,0,0,44030,B,PRE-CALCULUS,LEC,"LEHMAN, R.",35,16,9,2,7,1,2,0,3.03
2021-22,0,Summer,0,0,0,44040,A,CALCULUS,LEC,"TREUER, J.",13,7,10,23,7,1,1,0,1.89
2021-22,0,Summer,0,0,0,44050,B,CALCULUS,LEC,"TANG, S.",11,17,13,7,5,0,2,0,2.41
2021-22,0,Summer,0,0,0,44060,A,CALCULUS,LEC,"YOUSSEFPOUR, H.",61,49,37,20,14,1,1,0,2.7
2021-22,0,Summer,0,0,0,44070,B,CALCULUS,LEC,"SIMONSON, D.",17,23,24,23,16,1,4,0,1.99
2021-22,0,Summer,0,0,0,44080,A,MULTIVAR CALCULUS,LEC,"ZHANG, X.",21,22,11,1,8,6,1,0,2.69
2021-22,0,Summer,0,0,0,44090,B,MULTIVAR CALCULUS,LEC,"LU, Z.",19,18,4,7,4,2,1,0,2.77
2021-22,0,Summer,0,0,0,44100,A,MULTIVAR CALCULUS,LEC,"HUBER, K.",14,19,16,14,7,1,2,0,2.26
2021-22,0,Summer,0,0,0,44110,A,INTRO LINEAR ALGBRA,LEC,"GE, L.",63,40,10,1,1,3,1,0,3.38
2021-22,0,Summer,0,0,0,44120,B,INTRO LINEAR ALGBRA,LEC,"LI, S.",35,21,2,2,5,1,0,0,3.22
2021-22,0,Summer,0,0,0,44130,A,ELEM DIFF EQUATIONS,LEC,"HEZARI, H.",16,16,10,1,8,1,1,0,2.57
2021-22,0,Summer,0,0,0,44140,C,ELEM DIFF EQUATIONS,LEC,"HEZARI, H.",6,4,8,0,0,0,0,0,2.96
2021-22,0,Summer,0,0,0,44150,A,CALCULUS LIFE SCIEN,LEC,"RANGAMANI, N.",12,25,21,2,0,0,0,0,2.73
2021-22,0,Summer,0,0,0,44170,A,CALCULUS LIFE SCIEN,LEC,"KNIGHT, H.",29,32,11,6,2,0,0,0,2.97
2021-22,0,Summer,0,0,0,44180,B,CALCULUS LIFE SCIEN,LEC,"POWELL, M.",18,37,22,16,1,0,0,0,2.57
2021-22,0,Summer,0,0,0,44190,A,INTRO PROG NUM ANLY,LEC,"PORTER, M.",12,4,8,1,2,1,1,0,2.86
2021-22,0,Summer,0,0,0,44200,B,INTRO PROG NUM ANLY,LEC,"WANG, D.",24,12,2,1,1,0,0,0,3.42
2021-22,0,Summer,0,0,0,44205,A,INTRO PROG DATA SCI,LEC,"SMITH, L.",30,2,1,0,2,0,0,0,3.66
2021-22,0,Summer,0,0,0,44210,A,INTRO ABSTRACT MATH,LEC,"ROMAN, S.",18,6,8,1,2,1,0,0,3.05
2021-22,0,Summer,0,0,0,44220,B,INTRO ABSTRACT MATH,LEC,"PORTER, M.",10,12,4,1,1,0,1,0,3.0
2021-22,0,Summer,0,0,0,44230,A,NUMERICAL ANLYS I,LEC,"ERJAEE, G.",28,17,10,1,1,1,0,0,3.22
2021-22,0,Summer,0,0,0,44235,B,NUMERICAL ANLYS I,LEC,"ERJAEE, G.",8,9,3,0,1,1,1,0,3.12
2021-22,0,Summer,0,0,0,44240,A,NUMERICAL ANLYS II,LEC,"WANG, D.",13,6,3,3,2,1,1,0,2.96
2021-22,0,Summer,0,0,0,44233,A2,NUMERICAL ANLYS LAB,LAB,"YAN, D.",49,5,0,0,1,1,1,0,3.8
2021-22,0,Summer,0,0,0,44237,B2,NUMERICAL ANLYS LAB,LAB,"ERJAEE, G.",11,4,2,0,3,1,1,0,2.97
2021-22,0,Summer,0,0,0,44245,A2,NUMERICAL ANLYS LAB,LAB,"PORTER, M.",28,2,1,0,1,1,1,0,3.76
2021-22,0,Summer,0,0,0,44246,A,OPTMIZATION I,LEC,"WANG, D.",27,14,2,1,1,0,2,0,3.36
2021-22,0,Summer,0,0,0,44248,A,OPTIMIZATION II,LEC,"SMITH, L.",27,3,1,0,1,0,0,0,3.66
2021-22,0,Summer,0,0,0,44250,A,INTRO GROUP THEORY,LEC,"CRANSTON, M.",4,10,6,0,3,3,1,0,2.52
2021-22,0,Summer,0,0,0,44260,B,INTRO GROUP THEORY,LEC,"SMITH, L.",9,5,1,0,2,2,0,0,3.15
2021-22,0,Summer,0,0,0,44270,A,LINEAR ALGEBRA,LEC,"WALSBERG, E.",14,21,10,1,2,0,0,0,2.95
2021-22,0,Summer,0,0,0,44280,A,PROBABILITY I,LEC,"FERBER, A.",9,9,2,0,5,1,0,0,2.72
2021-22,0,Summer,0,0,0,44290,B,PROBABILITY I,LEC,"GUIDOTTI, P.",2,2,1,1,4,0,0,0,1.73
2021-22,0,Summer,0,0,0,44300,A,PROBABILITY II,LEC,"PELTZER, A.",16,13,2,6,2,1,2,0,2.84
2021-22,0,Summer,0,0,0,44310,A,FIXED INCOME,LEC,"FISCHBACHER, C.",16,12,3,2,1,0,2,0,3.11
2021-22,0,Summer,0,0,0,44320,A,ELEMENTARY ANALYSIS,LEC,"ZHANG, X.",7,5,6,2,1,2,0,0,2.76
2021-22,0,Summer,0,0,0,44330,B,ELEMENTARY ANALYSIS,LEC,"ZHANG, X.",5,6,3,1,2,1,1,0,2.68
2021-22,0,Summer,0,0,0,44340,A,ELEMENTARY ANALYSIS,LEC,"HUBER, K.",14,13,11,9,4,0,3,0,2.45
2021-22,0,Summer,0,0,0,44345,A,COMPLEX ANALYSIS,LEC,"WANG, D.",38,16,3,1,3,0,0,0,3.32
2021-22,0,Summer,0,0,0,44350,A,INTRO CRYPTOLOGY,LEC,"GAO, H.",16,8,4,0,0,0,0,0,3.45
2021-22,0,Summer,0,0,0,44380,A,MATH OF FINANCE,LEC,"NORTHRUP, S.",17,15,11,4,4,1,2,0,2.67
2021-22,0,Summer,0,0,0,44390,A,NUMBER THEORY I,LEC,"BARANOVSKY, V.",9,9,12,4,2,0,0,0,2.49
2021-22,0,Summer,0,0,0,44400,A,MATH WRITING,LEC,"PELAYO, R.",5,5,2,0,0,5,0,0,3.35
2021-22,0,Summer,0,0,0,44410,B,MATH WRITING,LEC,"PELAYO, R.",4,3,2,0,1,5,1,0,2.87
2021-22,0,Summer,0,0,0,17920,A,STATICS,LEC,"SUN, L.",22,12,3,0,0,0,0,0,3.51
2021-22,0,Summer,0,0,0,17930,B,STATICS,LEC,"SUN, L.",7,1,1,1,0,0,0,0,3.34
2021-22,0,Summer,0,0,0,17940,A,COMPUTER AIDED DESN,LEC,"NOROOZI, Z.",13,4,0,0,0,1,0,0,3.64
2021-22,0,Summer,0,0,0,17950,A,DYNAMICS,LEC,"FARDADI, M.",2,5,3,1,0,0,0,0,2.73
2021-22,0,Summer,0,0,0,17960,A,INTROTHERMODYNAMICS,LEC,"NOROOZI, Z.",3,9,5,2,1,0,0,0,2.4
2021-22,0,Summer,0,0,0,18000,A,APPL ENGR THERMODYN,LEC,"HEYDARZADEH, SHEYKH.",9,29,13,2,4,0,0,0,2.6
2021-22,0,Summer,0,0,0,18010,A,HEAT & MASS TRANSFR,LEC,"KRISHNA, A.",23,4,0,0,0,0,0,0,3.85
2021-22,0,Summer,0,0,0,18020,A,INTRO FLUID MECHS,LEC,"EISA, S.",53,1,0,0,0,0,0,0,3.96
2021-22,0,Summer,0,0,0,18030,A,VIS/COMPRESS FLOWS,LEC,"NOROOZI, Z.",20,20,10,1,0,0,0,0,3.11
2021-22,0,Summer,0,0,0,18040,A,MECHANICS OF STRCTR,LEC,"HSIEH, M.",31,2,0,0,1,0,0,0,3.81
2021-22,0,Summer,0,0,0,18050,A,MECH OF STRUCT LAB,LAB,"HSIEH, M.",32,1,0,0,0,0,0,0,3.93
2021-22,0,Summer,0,0,0,18060,A,MECH BEH/DES PRIN,LEC,"SAEIDI, S.",5,7,1,2,1,0,0,0,2.81
2021-22,0,Summer,0,0,0,18070,A,INTRO CNTRL SYSTEMS,LEC,"MAGGIA, M.",14,26,26,4,5,0,0,0,2.52
2021-22,0,Summer,0,0,0,4010,A,INTRO TO MUSIC,LEC,"TERRICCIANO, A.",222,6,4,0,2,8,0,0,3.89
2021-22,0,Summer,0,0,0,4020,B,INTRO TO MUSIC,LEC,"TERRICCIANO, A.",169,12,4,0,1,6,1,0,3.87
2021-22,0,Summer,0,0,0,4030,C,INTRO TO MUSIC,LEC,"DESSEN, M.",73,4,4,1,0,2,3,0,3.82
2021-22,0,Summer,0,0,0,4040,D,INTRO TO MUSIC,LEC,"DESSEN, M.",168,12,2,3,9,13,5,0,3.67
2021-22,0,Summer,0,0,0,4050,E,INTRO TO MUSIC,LEC,"TERRICCIANO, A.",68,1,1,0,0,2,0,0,3.94
2021-22,0,Summer,0,0,0,4060,A,ROCK:EARLY YEARS,LEC,"BAUER, A.",10,2,0,0,1,1,0,0,3.4
2021-22,0,Summer,0,0,0,4070,A,FUND OF MUSIC,LEC,"LINDSAY, E.",25,4,2,0,1,9,0,0,3.62
2021-22,0,Summer,0,0,0,4090,A,HISTORY OF JAZZ,LEC,"TORRES, M.",37,0,0,0,0,1,0,0,3.98
2021-22,0,Summer,0,0,0,88510,A,LIFE 101,LEC,"JAFARI, M.",155,0,0,1,3,6,1,0,3.91
2021-22,0,Summer,0,0,0,88520,A,SPEAKING SCIENCE,LEC,"SCHRINER, S.",26,1,0,0,0,0,0,0,3.92
2021-22,0,Summer,0,0,0,88530,A,HUMAN PHYSIOLOGY,LEC,"SCHRINER, S.",14,7,4,1,1,0,0,0,3.21
2021-22,0,Summer,0,0,0,88540,A,PHYSIOLOGY LAB,LAB,"SCHRINER, S.",20,4,0,0,0,0,0,0,3.8
2021-22,0,Summer,0,0,0,30310,A,INTRO TO PHILOSOPHY,LEC,"PRITCHARD, D.",145,22,6,2,3,9,3,0,3.63
2021-22,0,Summer,0,0,0,30320,B,INTRO TO PHILOSOPHY,LEC,"GOSS, B.",53,21,0,0,2,9,2,0,3.56
2021-22,0,Summer,0,0,0,30330,A,PUZZLES & PARADOXES,LEC,"DOULAS, L.",9,22,7,1,1,3,0,0,2.95
2021-22,0,Summer,0,0,0,30340,B,PUZZLES & PARADOXES,LEC,"BERNECKER, S.",23,13,6,3,2,7,2,0,3.08
2021-22,0,Summer,0,0,0,30350,A,TECH & SOCIETY,LEC,"BERNECKER, S.",22,10,0,1,3,0,1,0,3.27
2021-22,0,Summer,0,0,0,30360,A,INTRO TO ETHICS,LEC,"PRITCHARD, D.",117,26,6,1,4,10,3,0,3.55
2021-22,0,Summer,0,0,0,30370,B,INTRO TO ETHICS,LEC,"DOLIN, A.",11,3,0,0,2,2,1,0,3.28
2021-22,0,Summer,0,0,0,30380,A,CONTEMP MORAL PRBLM,LEC,"PIEDRAHITA, RIVERA.",5,8,3,0,0,0,0,0,3.22
2021-22,0,Summer,0,0,0,30390,A,INTRO LAW & SOCIETY,LEC,"HELMREICH, J.",8,0,0,0,0,2,0,0,3.93
2021-22,0,Summer,0,0,0,30410,B,CRITICAL REASONING,LEC,"HEIS, J.",5,5,1,1,2,0,0,0,2.71
2021-22,0,Summer,0,0,0,30440,A,INTRO TO KNOWLEDGE,LEC,"COLIVA, A.",15,2,0,0,1,1,2,0,3.65
2021-22,0,Summer,0,0,0,30450,A,MEDICAL ETHICS,SEM,"DEAN, M.",11,7,2,0,0,0,0,0,3.38
2021-22,0,Summer,0,0,0,30460,A,LAWYERS AND LIARS,LEC,"HELMREICH, J.",16,6,0,0,1,1,0,0,3.45
2021-22,0,Summer,0,0,0,47010,A,INTRO MATH METHODS,LEC,"MERCADO, F.",17,0,1,0,0,1,0,0,3.89
2021-22,0,Summer,0,0,0,47020,A,BASIC PHYSICS I,LEC,"YU, L.",142,44,11,3,1,1,2,0,3.6
2021-22,0,Summer,0,0,0,47030,A,BASIC PHYSICS II,LEC,"GUERRA, A.",46,73,56,4,0,0,0,0,2.89
2021-22,0,Summer,0,0,0,47040,B,BASIC PHYSICS II,LEC,"MERCADO, F.",175,7,1,1,0,0,0,0,3.93
2021-22,0,Summer,0,0,0,47060,A,BASIC PHYSICS III,LEC,"GUERRA, A.",61,62,43,7,0,0,1,0,3.01
2021-22,0,Summer,0,0,0,47050,A1,BASIC PHYSIC LAB II,LAB,"PITUWALA, KANKANAMG.",5,6,5,1,0,0,0,0,2.9
2021-22,0,Summer,0,0,0,47051,A2,BASIC PHYSIC LAB II,LAB,"PITUWALA, KANKANAMG.",0,9,3,3,0,0,0,0,2.44
2021-22,0,Summer,0,0,0,47052,A3,BASIC PHYSIC LAB II,LAB,"PITUWALA, KANKANAMG.",13,3,3,0,0,0,0,0,3.48
2021-22,0,Summer,0,0,0,47053,A4,BASIC PHYSIC LAB II,LAB,"PITUWALA, KANKANAMG.",9,7,3,0,0,0,0,0,3.32
2021-22,0,Summer,0,0,0,47054,A5,BASIC PHYSIC LAB II,LAB,"PITUWALA, KANKANAMG.",8,5,2,0,0,0,0,0,3.3
2021-22,0,Summer,0,0,0,47055,A6,BASIC PHYSIC LAB II,LAB,"PITUWALA, KANKANAMG.",11,5,0,0,0,0,0,0,3.61
2021-22,0,Summer,0,0,0,47056,A7,BASIC PHYSIC LAB II,LAB,"PITUWALA, KANKANAMG.",7,5,3,1,1,0,1,0,2.92
2021-22,0,Summer,0,0,0,47070,A1,BAS PHYSICS LAB III,LAB,"PITUWALA, KANKANAMG.",5,11,4,1,0,0,0,0,2.82
2021-22,0,Summer,0,0,0,47071,A2,BAS PHYSICS LAB III,LAB,"PITUWALA, KANKANAMG.",8,4,5,2,0,0,0,0,2.95
2021-22,0,Summer,0,0,0,47072,A3,BAS PHYSICS LAB III,LAB,"PITUWALA, KANKANAMG.",9,7,4,0,0,0,0,0,3.27
2021-22,0,Summer,0,0,0,47073,A4,BAS PHYSICS LAB III,LAB,"PITUWALA, KANKANAMG.",6,3,10,1,1,0,0,0,2.6
2021-22,0,Summer,0,0,0,47074,A5,BAS PHYSICS LAB III,LAB,"PITUWALA, KANKANAMG.",7,11,3,0,0,0,0,0,3.11
2021-22,0,Summer,0,0,0,47075,A6,BAS PHYSICS LAB III,LAB,"PITUWALA, KANKANAMG.",6,4,8,2,0,0,0,0,2.69
2021-22,0,Summer,0,0,0,47076,A7,BAS PHYSICS LAB III,LAB,"PITUWALA, KANKANAMG.",10,5,5,1,0,0,0,0,3.06
2021-22,0,Summer,0,0,0,47080,A,CLASSICAL PHYSICS,LEC,"LANKFORD, A.",17,8,4,0,0,0,0,0,3.44
2021-22,0,Summer,0,0,0,47100,A,CLASSICAL PHYSICS,LEC,"BRACONI, A.",15,28,11,0,1,0,0,0,3.05
2021-22,0,Summer,0,0,0,47120,B,CLASSICAL PHYSICS,LEC,"BRACONI, A.",12,20,7,0,1,1,0,0,3.01
2021-22,0,Summer,0,0,0,47140,A,CLASSICAL PHYSICS,LEC,"COLLINS, P.",46,23,3,0,2,1,0,0,3.51
2021-22,0,Summer,0,0,0,47090,A1,CLASS PHYSICS LAB,LAB,"ARAKAWA, J.",20,3,0,0,0,1,0,0,3.86
2021-22,0,Summer,0,0,0,47110,A1,CLASS PHYSICS LAB,LAB,"BRACONI, A.",31,0,0,0,0,0,0,0,3.99
2021-22,0,Summer,0,0,0,47111,A2,CLASS PHYSICS LAB,LAB,"BRACONI, A.",19,0,0,0,0,0,0,0,4.0
2021-22,0,Summer,0,0,0,47130,B1,CLASS PHYSICS LAB,LAB,"BRACONI, A.",32,1,1,0,0,1,0,0,3.91
2021-22,0,Summer,0,0,0,47150,A,INTRO TO ASTRONOMY,LEC,"HOLCOMB, R.",16,4,1,0,2,1,0,0,3.3
2021-22,0,Summer,0,0,0,67010,A,INTRO POL SCI:ANLYS,LEC,"FITZGERALD, B.",14,6,0,0,0,1,0,0,3.69
2021-22,0,Summer,0,0,0,67020,A,INTRO AMERICAN GOVT,LEC,"DESIPIO, L.",25,18,10,0,4,30,9,0,3.03
2021-22,0,Summer,0,0,0,67030,B,INTRO AMERICAN GOVT,LEC,"BOUSHEY, G.",48,9,3,0,3,24,1,0,3.51
2021-22,0,Summer,0,0,0,67040,A,INTRO INTL RELATNS,LEC,"PETROVIC, B.",8,3,0,0,0,0,0,0,3.65
2021-22,0,Summer,0,0,0,67050,A,POLITCS AROUND WRLD,LEC,"TARANGO, S.",9,4,0,1,0,0,0,0,3.37
2021-22,0,Summer,0,0,0,67060,A,INTRO RACE&ETHNICTY,LEC,"DESIPIO, L.",5,2,1,0,1,1,0,0,3.08
2021-22,0,Summer,0,0,0,67070,B,INTRO RACE&ETHNICTY,LEC,"RUBALCAVA, B.",17,2,1,0,1,0,0,0,3.65
2021-22,0,Summer,0,0,0,67080,A,INTRODUCTION TO LAW,LEC,"SMITH, C.",35,1,0,0,0,1,0,0,3.9
2021-22,0,Summer,0,0,0,67090,B,INTRODUCTION TO LAW,LEC,"SAFARZADEH, P.",10,1,1,0,0,0,0,0,3.7
2021-22,0,Summer,0,0,0,67100,A,LATINOS IN US POLIT,LEC,"TORRES, R.",27,0,0,0,0,0,0,0,4.0
2021-22,0,Summer,0,0,0,67110,A,COMP MINORITY POLIT,LEC,"CHAN, N.",13,3,2,0,0,0,0,0,3.54
2021-22,0,Summer,0,0,0,67120,A,GAME THRY&POLTCS I,LEC,"KAMINSKI, M.",13,2,1,0,0,2,0,0,3.71
2021-22,0,Summer,0,0,0,67130,A,APPRCHS TO INTL REL,LEC,"GILLOOLY, S.",8,0,1,0,1,1,0,0,3.31
2021-22,0,Summer,0,0,0,67140,A,RELIGION & POLITICS,LEC,"HYDER, M.",11,2,1,1,0,0,0,0,3.57
2021-22,0,Summer,0,0,0,67150,A,VOTING & MANIPULATN,LEC,"EVCI, U.",4,4,6,0,0,0,0,0,2.92
2021-22,0,Summer,0,0,0,67160,A,HUMAN RIGHTS,LEC,"SMITH, C.",21,5,0,0,1,0,1,0,3.62
2021-22,0,Summer,0,0,0,54030,A,PSYCH FUNDAMENTALS,LEC,"BERG, B.",5,3,2,1,0,2,0,0,3.12
2021-22,0,Summer,0,0,0,54040,B,PSYCH FUNDAMENTALS,LEC,"D'ZMURA, T.",7,2,0,0,0,1,0,0,3.64
2021-22,0,Summer,0,0,0,54050,B,PSYCH FUNDAMENTALS,LEC,"CHENG, Y.",14,4,0,0,0,2,0,0,3.74
2021-22,0,Summer,0,0,0,54060,C,PSYCH FUNDAMENTALS,LEC,"COON, J.",8,3,1,1,0,0,0,0,3.36
2021-22,0,Summer,0,0,0,54070,A,PSYCH FUNDAMENTALS,LEC,"KIRCHER, J.",7,6,1,0,0,0,0,0,3.36
2021-22,0,Summer,0,0,0,54100,A,LIFE SPAN DEV PSYCH,LEC,"HECKHAUSEN, J.",16,14,6,0,6,1,0,0,2.77
2021-22,0,Summer,0,0,0,54110,A,ABNORMAL PSYCHOLOGY,LEC,"RINEHART, J.",68,21,2,0,1,0,0,0,3.66
2021-22,0,Summer,0,0,0,54120,A,HEALTH PSYCHOLOGY,LEC,"RINEHART, J.",35,12,3,0,1,0,0,0,3.58
2021-22,0,Summer,0,0,0,54125,A,THE SOCIAL ANIMAL,LEC,"KELLY, J.",17,8,0,0,1,1,1,0,3.56
2021-22,0,Summer,0,0,0,54140,A,CHILD DEVELOPMENT,LEC,"LUKOWSKI, A.",13,12,7,0,1,1,0,0,3.12
2021-22,0,Summer,0,0,0,54145,A,COGNITIVE DEVELOPMT,LEC,"HURLEY, K.",16,1,6,1,2,0,1,0,3.04
2021-22,0,Summer,0,0,0,54150,A,DEV PSYCHOPATHOLOGY,LEC,"KAN, E.",16,10,3,0,2,3,0,0,3.26
2021-22,0,Summer,0,0,0,54160,A,SOCIAL EPIDEMIOLOGY,LEC,"TORRES, I.",9,3,0,1,0,1,0,0,3.52
2021-22,0,Summer,0,0,0,54170,A,SOC CONTR OF DELINQ,LEC,"MAGIDSON, M.",22,5,0,1,1,1,0,0,3.51
2021-22,0,Summer,0,0,0,89010,A,PRINCIPLES PUB HLTH,LEC,"OSBORN, B.",63,14,2,1,3,3,0,0,3.59
2021-22,0,Summer,0,0,0,89020,A,CASE STDS PUB HLTH,LEC,"MOORE, D.",63,8,0,0,1,0,1,0,3.78
2021-22,0,Summer,0,0,0,89025,A,PUBHLTH STATS II,LEC,"GOODMAN, S.",21,2,0,0,0,0,0,0,3.86
2021-22,0,Summer,0,0,0,89030,A,STRESS MANAGEMENT,LEC,"BIC, Z.",86,12,1,3,2,11,1,0,3.69
2021-22,0,Summer,0,0,0,89040,A,ENV QUALITY&HEALTH,LEC,"TANG, I.",66,2,0,1,1,0,0,0,3.87
2021-22,0,Summer,0,0,0,89050,A,NATURAL DISASTERS,LEC,"HALKIA, G.",13,20,5,0,0,0,0,0,3.21
2021-22,0,Summer,0,0,0,89080,A,INTRO TO EPIDMLGY,LEC,"TAYLOR, T.",58,33,14,1,1,1,1,0,3.32
2021-22,0,Summer,0,0,0,89090,A,SOCIAL EPIDEMIOLOGY,LEC,"TORRES, I.",21,5,1,0,1,0,0,0,3.59
2021-22,0,Summer,0,0,0,89100,A,HEALTH POLICY,LEC,"KEY, M.",35,14,1,0,0,1,0,0,3.63
2021-22,0,Summer,0,0,0,89110,A,PUBLIC HEALTH LAW,LEC,"DUONG, H.",19,2,0,0,0,0,0,0,3.89
2021-22,0,Summer,0,0,0,89120,A,PUBHLTH CORP WORLD,LEC,"BIC, Z.",25,5,4,1,1,0,0,0,3.38
2021-22,0,Summer,0,0,0,89140,A,MEDICAL SOCIOLOGY,LEC,"TURNEY, K.",10,3,3,1,0,0,1,0,3.33
2021-22,0,Summer,0,0,0,89160,A,HLTH BEHAVIOR THRY,LEC,"SCHUSTER, T.",9,3,2,0,0,0,0,0,3.46
2021-22,0,Summer,0,0,0,89170,A,HEALTH PROMOTION,LEC,"GARCIA, S.",8,1,0,0,0,1,0,0,3.86
2021-22,0,Summer,0,0,0,89180,A,SOC MENTAL HEALTH,LEC,"SCHUSTER, T.",14,12,2,0,0,0,0,0,3.35
2021-22,0,Summer,0,0,0,89190,B,WELLNESS & ALT MED,LEC,"SCHUSTER, T.",7,8,3,0,0,1,0,0,3.21
2021-22,0,Summer,0,0,0,89200,A,NUCLEAR ENVIRONMENT,LEC,"WHITELEY, J.",10,2,0,0,0,0,0,0,3.86
2021-22,0,Summer,0,0,0,89210,A,INTRO GLOBAL HEALTH,LEC,"CHA, B.",17,7,3,0,1,0,1,0,3.35
2021-22,0,Summer,0,0,0,89220,A,PUB HLTH PRACTICUM,LEC,"GIDEONSE, T.",45,13,3,1,6,0,0,0,3.29
2021-22,0,Summer,0,0,0,50010,A,RESEARCH DESIGN,LEC,"BASOLO, M.",79,42,9,0,0,1,0,0,3.53
2021-22,0,Summer,0,0,0,50020,B,RESEARCH DESIGN,LEC,"ZAVITA, K.",76,8,0,0,4,0,3,0,3.65
2021-22,0,Summer,0,0,0,50030,A,STAT ANALYSIS IN SE,LEC,"OSUTEI, N.",19,4,0,0,0,0,0,0,3.83
2021-22,0,Summer,0,0,0,50040,B,STAT ANALYSIS IN SE,LEC,"FORTHUN, B.",21,2,2,0,1,0,1,0,3.62
2021-22,0,Summer,0,0,0,50080,A,NAT FIELD RESEARCH,LEC,"YIM, I.",4,2,3,1,1,0,0,0,2.61
2021-22,0,Summer,0,0,0,50100,A,FIELD STUDY,FLD,"PARKS, V.",0,0,0,0,0,58,0,0,
2021-22,0,Summer,0,0,0,50120,C,FIELD STUDY,FLD,"YIM, I.",0,0,0,0,0,56,1,0,
2021-22,0,Summer,0,0,0,50140,A,FS WRITING SEMINAR,SEM,"GOLOB, B.",28,4,2,0,2,0,0,0,3.47
2021-22,0,Summer,0,0,0,70010,A,PRINCIPLES SOC SCI,LEC,"MORGAN, P.",31,8,2,1,0,0,1,0,3.57
2021-22,0,Summer,0,0,0,70020,A,COMP RES IN SOC SCI,LEC,"TOMLINSON, C.",58,16,6,4,5,3,3,0,3.29
2021-22,0,Summer,0,0,0,70030,B,COMP RES IN SOC SCI,LEC,"MORGAN, P.",150,20,0,1,6,9,1,0,3.72
2021-22,0,Summer,0,0,0,70050,B,INTRO GLOBAL STUDY,LEC,"MCCARTY, P.",12,1,0,0,1,1,1,0,3.6
2021-22,0,Summer,0,0,0,70060,A,PROB & STAT SOC SCI,LEC,"SHIREY, P.",11,20,10,0,2,2,0,0,2.88
2021-22,0,Summer,0,0,0,70070,A,PROB & STAT SOC SCI,LEC,"LUI, J.",14,8,14,6,23,0,3,0,1.75
2021-22,0,Summer,0,0,0,70110,A,TRANSNATIONAL GANGS,LEC,"VALDEZ, A.",16,5,0,0,0,0,0,0,3.75
2021-22,0,Summer,0,0,0,70126,A,VETERANS' VOICES,SEM,"SCHRADER, B.",10,4,1,3,6,5,1,0,2.39
2021-22,0,Summer,0,0,0,70140,A,DOMESTIC GANGS,LEC,"VALDEZ, A.",34,6,1,0,0,2,0,0,3.73
2021-22,0,Summer,0,0,0,70150,A,PRISON GANGS,LEC,"VALDEZ, A.",32,10,0,0,0,1,0,0,3.74
2021-22,0,Summer,0,0,0,70160,A,JUVENILE GANGS,LEC,"VALDEZ, A.",41,4,1,0,0,1,1,0,3.81
2021-22,0,Summer,0,0,0,70170,A,AMERICAN CULTURE,LEC,"TOMLINSON, C.",18,9,3,0,1,4,1,0,3.35
2021-22,0,Summer,0,0,0,70190,C,AMERICAN CULTURE,LEC,"MORGAN, P.",28,1,0,0,0,9,0,0,3.92
2021-22,0,Summer,0,0,0,70200,D,AMERICAN CULTURE,LEC,"STEWART, K.",24,3,1,0,1,8,0,0,3.67
2021-22,0,Summer,0,0,0,70210,E,AMERICAN CULTURE,LEC,"DEWAN, W.",26,3,0,0,0,11,0,0,3.86
2021-22,0,Summer,0,0,0,70220,F,AMERICAN CULTURE,LEC,"DEWAN, W.",28,1,0,0,0,11,0,0,3.92
2021-22,0,Summer,0,0,0,70250,A,MEDIA WRITING,LEC,"CHAVIRA, R.",5,18,6,2,0,15,3,0,2.84
2021-22,0,Summer,0,0,0,70270,C,MEDIA WRITING,LEC,"CHAVIRA, R.",6,17,8,1,3,10,2,0,2.65
2021-22,0,Summer,0,0,0,70290,A,SAEP A,LEC,"LUI, J.",0,0,0,0,0,15,0,0,
2021-22,0,Summer,0,0,0,70300,B,SAEP B,LEC,"LUI, J.",0,0,0,0,0,15,0,0,
2021-22,0,Summer,0,0,0,70370,C,PROFESSIONAL INTERN,FLD,"CASTELLANOS, J.",0,0,0,0,0,10,0,0,
2021-22,0,Summer,0,0,0,69010,A,INTRO TO SOCIOLOGY,LEC,"MALAE, K.",48,11,0,2,3,2,0,0,3.53
2021-22,0,Summer,0,0,0,69020,B,INTRO TO SOCIOLOGY,LEC,"WINER, C.",60,4,0,1,0,5,0,0,3.89
2021-22,0,Summer,0,0,0,69030,A,GLBL & TRANSNTL SOC,LEC,"MEJIA, S.",11,2,0,0,0,0,0,0,3.82
2021-22,0,Summer,0,0,0,69040,A,SOCIAL PROBLEMS,LEC,"REDMAN, J.",18,9,0,0,2,0,1,0,3.37
2021-22,0,Summer,0,0,0,69050,B,SOCIAL PROBLEMS,LEC,"ROSALES, R.",27,5,0,0,0,2,1,0,3.77
2021-22,0,Summer,0,0,0,69060,A,PROBABILITY & STATS,LEC,"HUFFMAN, M.",9,7,10,2,0,0,0,0,2.84
2021-22,0,Summer,0,0,0,69070,A,PROBABILITY & STATS,LEC,"FARSHCHI, E.",4,7,2,1,0,0,1,0,3.06
2021-22,0,Summer,0,0,0,69080,A,FAM & INTIMATE RLTN,LEC,"TURNEY, K.",10,5,3,1,1,0,0,0,3.09
2021-22,0,Summer,0,0,0,69090,B,FAM & INTIMATE RLTN,LEC,"TURNEY, K.",12,13,2,1,0,3,1,0,3.3
2021-22,0,Summer,0,0,0,69100,A,RACE & ETHNICITY,LEC,"VILLALTA, S.",7,3,0,0,0,2,0,0,3.61
2021-22,0,Summer,0,0,0,69110,A,RESEARCH METHODS,LEC,"MARIN, E.",27,11,3,0,3,1,0,0,3.31
2021-22,0,Summer,0,0,0,69120,A,SOCIOLOGICAL THEORY,LEC,"KIM, J.",23,19,11,3,0,3,0,0,3.03
2021-22,0,Summer,0,0,0,69140,A,ORGANIZATIONS,LEC,"DAVOUDPOUR, S.",4,6,2,0,0,0,0,0,3.19
2021-22,0,Summer,0,0,0,69150,A,WHITE COLLAR CRIME,LEC,"PONTELL, H.",8,4,1,0,0,1,0,0,3.4
2021-22,0,Summer,0,0,0,69160,A,MEDICAL SOCIOLOGY,LEC,"TURNEY, K.",12,12,5,0,0,0,0,0,3.23
2021-22,0,Summer,0,0,0,69200,A,SOC OF SEX & GENDER,LEC,"LIAN, L.",13,1,3,0,0,1,0,0,3.61
2021-22,0,Summer,0,0,0,69210,A,RACE/ETHNIC REL US,LEC,"VEGA, I.",16,7,2,0,1,0,0,0,3.37
2021-22,0,Summer,0,0,0,69230,A,SOCIOLOGY MAJRS SEM,LEC,"SCHUSTER, T.",4,5,3,0,1,0,1,0,2.87
2021-22,0,Summer,0,0,0,69240,B,SOCIOLOGY MAJRS SEM,LEC,"SMITH, D.",4,10,5,2,0,0,0,0,2.79
2021-22,0,Summer,0,0,0,31310,A,FUNDAMENTALS,LEC,"FRANKE, M.",14,5,1,0,0,3,1,0,3.64
2021-22,0,Summer,0,0,0,31320,B,FUNDAMENTALS,LEC,"GARCIA PERALES, R.",16,2,0,0,0,3,0,0,3.91
2021-22,0,Summer,0,0,0,31340,A,FUNDAMENTALS,LEC,"HUERTA ALARDIN, M.",10,8,0,0,0,6,0,0,3.61
2021-22,0,Summer,0,0,0,31350,B,FUNDAMENTALS,LEC,"PARE, G.",22,0,1,0,0,2,0,0,3.81
2021-22,0,Summer,0,0,0,31370,A,INTERMEDIATE,LEC,"VERGARA, CALDERON.",18,1,0,0,1,4,0,0,3.72
2021-22,0,Summer,0,0,0,31380,A,INTERMEDIATE,LEC,"GARCIA, B.",22,5,0,0,1,0,0,0,3.69
2021-22,0,Summer,0,0,0,37810,A,BASIC STATISTICS,LEC,"ARMSTRONG, D.",40,10,5,2,1,1,1,0,3.44
2021-22,0,Summer,0,0,0,37820,B,BASIC STATISTICS,LEC,"WONG-TOI, E.",11,14,7,4,0,0,0,0,2.9
2021-22,0,Summer,0,0,0,37830,A,INTRO TO BIO STATS,LEC,"ARMSTRONG, D.",43,14,2,2,0,0,0,0,3.57
2021-22,0,Summer,0,0,0,37840,A,INTRO PROB&STAT/CS,LEC,"DYCK, H.",29,4,1,1,1,0,1,0,3.65
2021-22,0,Summer,0,0,0,37860,A,STATS METH DATA I,LEC,"GULESSERIAN, S.",50,17,4,0,0,2,1,0,3.63
2021-22,0,Summer,0,0,0,37880,A,BAYES DATA ANALYSIS,LEC,"DOGUCU, M.",11,2,0,0,0,0,0,0,3.73
2021-22,0,Summer,0,0,0,37890,A,INTRO PROB STATS I,LEC,"GULESSERIAN, S.",28,8,14,3,0,4,3,0,3.1
2021-22,0,Summer,0,0,0,37900,A,INTRO PROB STATS II,LEC,"BERROCAL, V.",10,1,1,1,1,5,0,0,3.22
2021-22,0,Summer,0,0,0,55010,A,INTRO URBAN STUDIES,LEC,"NICHOLLS, W.",33,4,0,0,0,0,0,0,3.8
2021-22,0,Summer,0,0,0,55020,A,ENVIRON ANALYS&DESN,LEC,"WHITELEY, J.",11,0,1,0,0,0,0,0,3.83
2021-22,0,Summer,0,0,0,55030,A,URBAN AMERICA,LEC,"RENDON, M.",7,6,1,0,0,0,0,0,3.32
2021-22,0,Summer,0,0,0,55040,A,GLBL POV & INEQULTY,LEC,"MATTHEW, R.",23,3,0,0,0,0,0,0,3.83
2021-22,0,Summer,0,0,0,55050,A,GIS PLANNING POLICY,LEC,"GARRISON, J.",18,1,1,0,0,0,0,0,3.81
2021-22,0,Summer,0,0,0,55060,A,URBN DESIGN PRINCIP,LEC,"MAHAFFEY, N.",17,0,0,0,0,0,0,0,3.98
2021-22,0,Summer,0,0,0,55070,A,HEALTH POLICY,LEC,"KEY, M.",13,4,2,0,0,0,0,0,3.56
2021-22,0,Summer,0,0,0,55080,A,LATINO METROPOLIS,LEC,"TORRES, R.",27,0,0,0,0,1,0,0,4.0
2021-22,0,Summer,0,0,0,33030,A,INTRO WRTNG & RHET,SEM,0,12,4,0,0,1,0,0,0,3.55
2021-22,0,Summer,0,0,0,33031,B,INTRO WRTNG & RHET,SEM,0,1,13,1,1,1,0,0,0,2.71
2021-22,0,Summer,0,0,0,33032,C,INTRO WRTNG & RHET,SEM,0,12,5,1,0,0,0,0,0,3.53
2021-22,0,Summer,0,0,0,33033,D,INTRO WRTNG & RHET,SEM,0,1,15,2,0,1,0,0,0,2.77
2021-22,0,Summer,0,0,0,33034,E,INTRO WRTNG & RHET,SEM,0,12,5,2,0,0,0,0,0,3.57
2021-22,0,Summer,0,0,0,33039,J,INTRO WRTNG & RHET,SEM,0,9,4,2,3,1,0,0,0,2.88
2021-22,0,Summer,0,0,0,33060,A,CRIT READING & RHET,SEM,0,11,3,0,0,1,5,0,0,3.49
2021-22,0,Summer,0,0,0,33061,B,CRIT READING & RHET,SEM,0,7,3,1,0,1,6,0,0,3.13
2021-22,0,Summer,0,0,0,33062,C,CRIT READING & RHET,SEM,0,12,3,0,0,1,3,1,0,3.54
2021-22,0,Summer,0,0,0,33063,D,CRIT READING & RHET,SEM,0,11,5,1,0,0,3,0,0,3.64
2021-22,0,Summer,0,0,0,33064,E,CRIT READING & RHET,SEM,0,6,9,1,1,0,1,1,0,3.21
2021-22,0,Summer,0,0,0,33065,F,CRIT READING & RHET,SEM,0,3,12,1,0,0,2,0,0,3.14
2021-22,0,Summer,0,0,0,33066,G,CRIT READING & RHET,SEM,0,11,4,0,1,2,2,0,0,3.1
2021-22,0,Summer,0,0,0,33067,H,CRIT READING & RHET,SEM,0,6,9,1,0,2,2,1,0,2.91
2021-22,0,Summer,0,0,0,33068,I,CRIT READING & RHET,SEM,0,3,8,1,0,2,4,0,0,2.71
2021-22,0,Summer,0,0,0,33080,A,ARGUMENT & RESEARCH,SEM,0,9,7,0,0,2,3,0,0,3.17
2021-22,0,Summer,0,0,0,33081,B,ARGUMENT & RESEARCH,SEM,0,10,4,1,0,2,5,0,0,3.11
2021-22,0,Summer,0,0,0,33082,C,ARGUMENT & RESEARCH,SEM,0,10,7,0,0,1,3,0,0,3.41
2021-22,0,Summer,0,0,0,33083,D,ARGUMENT & RESEARCH,SEM,0,7,2,1,1,3,5,2,0,2.58
2021-22,0,Summer,0,0,0,33084,E,ARGUMENT & RESEARCH,SEM,0,8,9,0,1,0,4,0,0,3.25
2021-22,0,Summer,0,0,0,33085,F,ARGUMENT & RESEARCH,SEM,0,5,4,0,0,2,6,3,0,2.86
2021-22,0,Summer,0,0,0,33086,G,ARGUMENT & RESEARCH,SEM,0,8,6,0,0,1,3,0,0,3.25
2021-22,0,Summer,0,0,0,33087,H,ARGUMENT & RESEARCH,SEM,0,11,4,0,0,2,3,1,0,3.29
2021-22,0,Summer,0,0,0,33088,I,ARGUMENT & RESEARCH,SEM,0,13,7,0,0,0,0,0,0,3.65
2021-22,0,Summer,0,0,0,33089,J,ARGUMENT & RESEARCH,SEM,0,8,8,0,0,1,2,1,0,3.21
2021-22,0,Summer,0,0,0,33090,K,ARGUMENT & RESEARCH,SEM,0,8,8,1,0,1,3,0,0,3.24
2021-22,0,Summer,0,0,0,33091,L,ARGUMENT & RESEARCH,SEM,0,10,0,0,0,1,8,1,0,3.56
2021-22,0,Summer,0,0,0,33092,M,ARGUMENT & RESEARCH,SEM,0,10,6,1,0,0,4,0,0,3.49
2021-22,0,Summer,0,0,0,33093,N,ARGUMENT & RESEARCH,SEM,0,10,4,1,0,0,5,1,0,3.48
2021-22,0,Summer,0,0,0,33094,O,ARGUMENT & RESEARCH,SEM,0,10,6,1,0,0,5,0,0,3.44
2021-22,0,Summer,0,0,0,33095,P,ARGUMENT & RESEARCH,SEM,0,12,3,0,0,0,3,3,0,3.78
2021-22,0,Summer,0,0,0,33097,R,ARGUMENT & RESEARCH,SEM,0,0,6,0,0,2,5,1,0,2.4
2021-22,0,Summer,0,0,0,33099,T,ARGUMENT & RESEARCH,SEM,0,6,2,0,0,3,9,2,0,2.7
2021-22,0,Summer,0,0,0,33100,U,ARGUMENT & RESEARCH,SEM,0,16,0,0,0,0,4,1,0,3.98
2021-22,0,Summer,0,0,0,33101,V,ARGUMENT & RESEARCH,SEM,0,10,3,0,0,3,3,0,0,2.95
2021-22,0,Summer,0,0,0,33102,W,ARGUMENT & RESEARCH,SEM,0,6,5,1,0,2,3,3,0,3.04
2021-22,0,Summer,0,0,0,33103,X,ARGUMENT & RESEARCH,SEM,0,9,5,0,0,3,3,1,0,2.97
2021-22,0,Summer,0,0,0,33107,AB,ARGUMENT & RESEARCH,SEM,0,11,2,0,0,4,2,2,0,2.91
2021-22,0,Summer,0,0,0,33108,AC,ARGUMENT & RESEARCH,SEM,0,9,5,0,0,3,3,1,0,3.05
2021-22,0,Summer,0,0,0,33109,AD,ARGUMENT & RESEARCH,SEM,0,12,1,1,0,0,8,0,0,3.83
2021-22,0,Summer,0,0,0,33140,A,ADV EXPOS WRITING,SEM,0,4,7,1,0,0,6,0,0,3.25
2021-22,0,Summer,0,0,0,33141,B,ADV EXPOS WRITING,SEM,0,15,2,0,0,0,1,1,0,3.79
2021-22,0,Summer,0,0,0,33142,C,ADV EXPOS WRITING,SEM,0,13,0,0,0,0,3,3,0,3.91
2021-22,0,Summer,0,0,0,33143,D,ADV EXPOS WRITING,SEM,0,12,1,2,1,0,1,1,0,3.54
2021-22,0,Summer,0,0,0,33144,E,ADV EXPOS WRITING,SEM,0,14,0,0,0,0,1,0,0,4.0
